,walks,hits,hr,runs,rbi,sb,post_ab,post_h,post_games,assists,po,errors,as_games,mvp,gg,ws_wins,ws_losses,gp,firstyear,OBP,SLG,AVG,L,R,R,2B,3B,CATCHER,CF,DH,LF,RF,SS,prob,inducted,playerID,nameFirst,nameLast
0,465,1324,197,710,708,50,121.0,36.0,36.0,99,3334,55,1.0,0.0,0.0,1.0,3.0,1538,2000,0.3200777659950513,0.43567251461988304,0.2580896686159844,0,1,1,0,0,0,1,0,0,0,0,0.0,,hendeda01,Dave,Henderson
2,529,1789,256,850,992,30,45.0,8.0,14.0,1978,1700,195,2.0,0.0,0.0,0.0,0.0,1891,1994,0.31810217010378755,0.43919316843345113,0.26339811542991753,0,1,1,0,1,0,0,0,0,0,0,0.0,,parrila01,Larry,Parrish
4,318,991,80,422,454,9,19.0,2.0,9.0,1676,757,141,1.0,0.0,0.0,0.0,1.0,1112,1990,0.3205004812319538,0.38934318121867584,0.2614085993141651,1,0,1,0,1,0,0,0,0,0,0,0.0,,howelro02,Roy,Howell
7,761,2386,282,1318,1061,344,39.0,15.0,10.0,6648,3892,120,10.0,1.0,9.0,0.0,0.0,2164,2003,0.34385471840882065,0.45163983303518185,0.2845557543231962,0,1,1,1,0,0,0,0,0,0,0,0.81,,sandbry01,Ryne,Sandberg
8,588,1286,306,748,943,14,14.0,1.0,9.0,950,9838,61,2.0,0.0,0.0,0.0,1.0,1367,2014,0.3436830835117773,0.5068993506493507,0.2609577922077922,0,1,1,0,0,0,0,0,0,0,0,0.0,0.0,sexsori01,Richie,Sexson
9,937,2176,284,1186,1205,67,117.0,39.0,31.0,1294,16695,136,6.0,0.0,1.0,0.0,1.0,1976,2006,0.38355501813784765,0.49658441377387424,0.30335982155304614,1,0,0,0,0,0,0,0,0,0,0,0.02,,clarkwi02,Will,Clark
12,1183,1897,287,1121,1078,109,77.0,16.0,29.0,95,3447,71,2.0,0.0,0.0,0.0,2.0,1847,2015,0.3998212233431235,0.5023747510341657,0.29063888463306264,1,0,0,0,0,0,0,0,0,1,0,0.0,,gilesbr02,Brian,Giles
16,1028,2877,80,1445,951,404,228.0,57.0,57.0,8050,4268,190,3.0,0.0,11.0,0.0,2.0,2968,2018,0.33631028323551926,0.3520687700736822,0.2717740411864727,0,0,1,0,0,0,0,0,0,0,1,0.22,,vizquom01,Omar,Vizquel
18,936,1664,275,900,1065,20,416.0,103.0,125.0,715,10207,92,5.0,0.0,0.0,5.0,2.0,1829,2017,0.3740383270387467,0.47406434668417596,0.273145108338805,0,0,1,0,0,1,0,0,0,0,0,0.03,0.0,posadjo01,Jorge,Posada
19,736,2326,101,993,950,321,101.0,30.0,34.0,7024,4245,326,7.0,0.0,5.0,2.0,2.0,2488,1994,0.3222872674053941,0.3569872750200619,0.2666513814054798,0,1,1,0,0,0,0,0,0,0,1,0.27,0.0,conceda01,Dave,Concepcion
20,429,2529,287,1084,1365,80,147.0,36.0,36.0,109,4057,48,3.0,0.0,0.0,1.0,0.0,2228,2016,0.3236577913574858,0.46111111111111114,0.29270833333333335,1,0,0,0,0,0,0,0,1,0,0,0.04,,anderga01,Garret,Anderson
21,142,475,32,237,185,14,6.0,1.0,6.0,1456,886,115,0.0,0.0,0.0,1.0,1.0,856,1980,0.28059440559440557,0.3232227488151659,0.22511848341232227,0,1,1,0,1,0,0,0,0,0,0,0.0,,kennejo03,John,Kennedy
23,300,999,55,442,342,63,27.0,1.0,10.0,3641,1879,166,1.0,0.0,2.0,1.0,0.0,1195,1979,0.3101028999064546,0.3544690603514133,0.25439266615737205,0,1,1,0,0,0,0,0,0,0,1,0.0,0.0,alleyge01,Gene,Alley
26,369,1468,179,684,810,25,140.0,36.0,38.0,159,4167,41,3.0,0.0,3.0,3.0,0.0,1547,1988,0.31142904674762933,0.4265658747300216,0.26421886249100074,0,1,1,0,0,0,0,0,1,0,0,0.0,0.0,rudijo01,Joe,Rudi
27,1018,3053,92,1424,1015,353,50.0,11.0,14.0,3709,13510,260,15.0,1.0,0.0,0.0,0.0,2469,1991,0.39301477643446553,0.42920021470746106,0.32775093934514227,1,0,1,0,0,0,0,0,0,0,0,0.86,,carewro01,Rod,Carew
28,667,1562,164,835,792,245,100.0,19.0,31.0,262,3923,55,2.0,0.0,5.0,0.0,1.0,1658,2001,0.34890194865450047,0.44282962703554546,0.27350726667834,1,0,1,0,0,0,1,0,0,0,0,0.0,0.0,vanslan01,Andy,Van Slyke
30,158,512,52,248,245,16,19.0,3.0,5.0,269,4109,36,0.0,0.0,0.0,0.0,1.0,866,1979,0.3116531165311653,0.38366336633663367,0.25346534653465347,1,0,0,0,0,0,0,0,0,0,0,0.0,0.0,reeseri01,Rich,Reese
31,891,1933,434,1204,1289,152,238.0,65.0,76.0,125,4986,50,4.0,0.0,10.0,0.0,2.0,2196,2018,0.3373758373758374,0.4855902092380576,0.25437557573364916,0,1,1,0,0,0,1,0,0,0,0,0.27,0.0,jonesan01,Andruw,Jones
33,44,308,33,126,123,20,0.0,0.0,0.0,42,921,25,0.0,0.0,0.0,0.0,0.0,564,1980,0.26466275659824046,0.3660030627871363,0.23583460949464014,0,1,1,0,0,0,0,0,1,0,0,0.0,0.0,murreiv01,Ivan,Murrell
34,136,843,8,297,273,11,1.0,0.0,1.0,3408,2041,140,0.0,0.0,0.0,0.0,0.0,1196,1979,0.2545313309166235,0.2749122333243316,0.22765325411828247,0,1,1,0,0,0,0,0,0,0,1,0.0,0.0,lanieha01,Hal,Lanier
36,563,1598,112,800,727,63,6.0,2.0,4.0,2703,1371,126,2.0,0.0,0.0,0.0,0.0,1617,2013,0.36614626129827443,0.4297627872498147,0.29614529280948854,0,1,1,0,1,0,0,0,0,0,0,0.0,,cirilje01,Jeff,Cirillo
41,369,1047,218,560,685,14,11.0,1.0,3.0,1440,3641,117,1.0,0.0,0.0,0.0,0.0,1020,1994,0.33998100664767333,0.49933809902038656,0.27720413026211277,0,1,1,0,1,0,0,0,0,0,0,0.0,,hornebo01,Bob,Horner
42,865,1475,355,1017,1072,121,41.0,9.0,14.0,65,2518,38,2.0,0.0,0.0,0.0,1.0,1731,2009,0.33673324833545826,0.4702605276093724,0.24168441749959035,0,1,1,0,0,0,0,0,1,0,0,0.0,,vaughgr01,Greg,Vaughn
43,1319,2023,160,1300,819,177,46.0,10.0,13.0,3491,3564,236,0.0,0.0,0.0,1.0,1.0,2161,2005,0.37429487888507906,0.388998293291322,0.26559012734672444,0,0,1,1,0,0,0,0,0,0,0,0.02,,phillto02,Tony,Phillips
44,491,1173,234,630,760,30,80.0,23.0,23.0,566,1676,86,2.0,1.0,0.0,1.0,2.0,1223,2004,0.36024712398806985,0.5198355104015482,0.28374455732946297,0,1,1,0,0,0,0,0,1,0,0,0.02,0.0,mitchke01,Kevin,Mitchell
48,1197,2099,275,1188,1073,50,61.0,12.0,16.0,373,4881,51,1.0,0.0,0.0,0.0,0.0,2344,1998,0.3703103038166288,0.4253151661785305,0.2672863873678849,0,1,1,0,0,0,0,1,0,0,0,0.03,,downibr01,Brian,Downing
49,718,1553,255,985,870,284,78.0,22.0,21.0,41,2523,63,0.0,1.0,0.0,2.0,0.0,1635,2001,0.351575456053068,0.46326319420489825,0.26785098309761984,1,0,0,0,0,0,0,0,1,0,0,0.01,,gibsoki01,Kirk,Gibson
50,770,1651,321,1080,1008,243,189.0,43.0,52.0,642,3203,114,2.0,0.0,0.0,0.0,2.0,1832,2009,0.3356595511767926,0.46766940610947433,0.2560086835168243,0,1,1,0,0,0,0,0,1,0,0,0.0,,gantro01,Ron,Gant
51,721,2195,75,1030,744,189,49.0,11.0,12.0,990,13067,149,3.0,0.0,0.0,0.0,0.0,2085,2016,0.3658395845354876,0.3781303264717451,0.28779336567457714,0,1,1,0,0,1,0,0,0,0,0,0.03,,kendaja01,Jason,Kendall
52,762,1981,242,964,1013,137,149.0,42.0,40.0,136,4073,59,2.0,0.0,1.0,1.0,2.0,2039,1992,0.3468851638729047,0.43178305465786143,0.2783476183785303,0,1,1,0,0,0,0,0,1,0,0,0.0,,bakerdu01,Dusty,Baker
55,779,2342,252,996,1185,23,0.0,0.0,0.0,1731,11618,169,8.0,1.0,1.0,0.0,0.0,2209,1983,0.364815657715066,0.4521209042418085,0.2974345948691897,0,1,1,0,0,1,0,0,0,0,0,0.09,,torrejo01,Joe,Torre
56,396,1660,54,713,593,74,13.0,4.0,5.0,3965,3466,134,4.0,0.0,0.0,0.0,0.0,1822,1983,0.30601415094339623,0.3369789190045966,0.2631161832303059,0,1,1,1,0,0,0,0,0,0,0,0.01,0.0,rojasco01,Cookie,Rojas
57,445,1186,167,644,616,36,103.0,24.0,27.0,1753,1706,125,0.0,0.0,0.0,0.0,0.0,1265,2017,0.33629541864139023,0.44155555555555553,0.26355555555555554,0,1,1,0,1,0,0,0,0,0,0,0.0,,blakeca01,Casey,Blake
58,526,1759,110,863,662,215,0.0,0.0,0.0,78,3687,31,1.0,0.0,0.0,0.0,0.0,1717,2016,0.3428152492668622,0.41610087293889425,0.28435176204332363,0,0,1,0,0,0,1,0,0,0,0,0.0,,winnra01,Randy,Winn
59,932,1393,292,767,976,7,97.0,18.0,31.0,114,2478,59,0.0,0.0,0.0,2.0,0.0,1640,2017,0.36134969325153377,0.4724695620570598,0.25313465382518624,0,1,1,0,0,0,0,0,1,0,0,0.0,,burrepa01,Pat,Burrell
60,648,2091,191,940,1097,109,143.0,42.0,48.0,84,887,41,3.0,0.0,0.0,1.0,3.0,2084,1993,0.35093399750933996,0.4544195067885841,0.28969243557772234,0,1,1,0,0,0,0,1,0,0,0,0.01,,mcraeha01,Hal,McRae
62,1275,2239,255,1139,1230,11,237.0,66.0,66.0,1418,16165,82,2.0,0.0,3.0,2.0,0.0,2234,2011,0.397967075461275,0.4649631190727081,0.2949157007376185,1,0,0,0,0,0,0,0,0,0,0,0.07,0.0,olerujo01,John,Olerud
63,693,1313,319,744,1008,2,63.0,18.0,19.0,694,7382,70,3.0,0.0,0.0,1.0,0.0,1470,2004,0.3450075770331706,0.4816753926701571,0.25460539073104516,0,1,1,0,0,0,0,0,0,0,0,0.0,,fieldce01,Cecil,Fielder
64,571,1699,242,806,904,37,65.0,16.0,25.0,921,5159,85,0.0,0.0,0.0,2.0,0.0,1681,2018,0.3415856174476864,0.4641218872870249,0.27834207077326345,1,0,1,0,0,0,0,0,0,0,0,0.0,0.0,huffau01,Aubrey,Huff
65,940,2011,234,1083,978,183,65.0,21.0,19.0,135,3226,112,1.0,0.0,0.0,0.0,1.0,2033,1993,0.36376988984088127,0.43850566671330626,0.28137680145515603,0,1,1,0,0,0,0,0,1,0,0,0.0,0.0,matthga01,Gary,Matthews
66,446,881,116,510,441,128,38.0,10.0,17.0,376,1803,43,0.0,0.0,0.0,1.0,1.0,1368,1991,0.33728856349406716,0.403337169159954,0.2534522439585731,1,0,1,0,0,0,0,0,1,0,0,0.0,,lowenjo01,John,Lowenstein
68,626,1591,200,706,758,24,36.0,5.0,10.0,813,11235,81,8.0,0.0,5.0,1.0,0.0,1774,1982,0.33974639265413203,0.4119874855919644,0.2619792524287831,0,1,1,0,0,1,0,0,0,0,0,0.03,0.0,freehbi01,Bill,Freehan
69,556,1949,54,913,550,444,87.0,24.0,26.0,4817,3617,190,5.0,0.0,0.0,2.0,0.0,1769,2000,0.33465660976578004,0.35778097982708934,0.280835734870317,0,1,1,1,0,0,0,0,0,0,0,0.0,,saxst01,Steve,Sax
70,836,2514,201,1151,1106,55,0.0,0.0,0.0,5009,2196,262,5.0,0.0,6.0,0.0,0.0,2405,1995,0.34053673736053874,0.40622568093385214,0.2794886047804336,0,1,1,0,1,0,0,0,0,0,0,0.23,0.0,bellbu01,Buddy,Bell
71,203,1597,150,736,668,212,51.0,14.0,27.0,3808,2722,215,1.0,0.0,0.0,0.0,1.0,1814,2008,0.29598070739549837,0.41555593048759915,0.2694449131094989,0,1,1,0,0,0,0,0,0,0,1,0.0,,dunstsh01,Shawon,Dunston
72,365,1313,113,474,628,6,65.0,13.0,19.0,638,6754,108,3.0,0.0,0.0,0.0,2.0,1491,1997,0.3137618077421745,0.3856196023297851,0.26370757180156656,1,0,1,0,0,1,0,0,0,0,0,0.0,,kennete02,Terry,Kennedy
73,342,1342,144,614,723,163,27.0,10.0,10.0,81,2191,62,2.0,0.0,0.0,0.0,1.0,1415,1996,0.31217995610826627,0.41050545094152624,0.26600594648166503,0,1,1,0,0,0,0,0,1,0,0,0.0,,leonaje01,Jeffrey,Leonard
74,790,3141,135,1383,1138,319,108.0,33.0,27.0,160,4512,62,13.0,0.0,5.0,0.0,2.0,2440,2007,0.3882399136153922,0.4585486649440138,0.3381782945736434,1,0,0,0,0,0,0,0,0,1,0,0.92,,gwynnto01,Tony,Gwynn
75,1305,2490,493,1349,1550,72,188.0,57.0,50.0,1447,18985,167,5.0,0.0,0.0,1.0,1.0,2460,2010,0.3769170271333071,0.5090784515244947,0.2843439534087016,1,0,0,0,0,0,0,0,0,0,0,0.26,0.0,mcgrifr01,Fred,McGriff
77,1012,1868,316,977,1139,24,161.0,42.0,45.0,4019,1555,224,6.0,0.0,0.0,1.0,3.0,2073,1993,0.3536907910555422,0.4448478078748953,0.2608209997207484,0,1,1,0,1,0,0,0,0,0,0,0.0,,ceyro01,Ron,Cey
78,510,1331,124,733,660,74,61.0,21.0,19.0,2888,1972,165,2.0,0.0,0.0,0.0,1.0,1305,2017,0.35492474757096587,0.4431842499465012,0.2848277337898566,0,0,1,0,0,0,0,0,0,0,1,0.0,,guillca01,Carlos,Guillen
80,698,1270,101,605,606,34,49.0,8.0,15.0,3688,3108,218,2.0,0.0,0.0,0.0,1.0,1598,1980,0.34251700680272107,0.3703411555906133,0.2504436994675606,0,1,1,0,0,0,0,0,0,0,1,0.0,0.0,menkede01,Denis,Menke
83,311,1777,31,780,427,156,69.0,16.0,21.0,176,3794,71,2.0,0.0,0.0,1.0,1.0,1667,1980,0.3445255474452555,0.381067541889791,0.30696147866643636,1,0,0,0,0,0,1,0,0,0,0,0.0,,alouma01,Matty,Alou
84,223,1500,65,566,585,35,103.0,29.0,29.0,575,6646,105,1.0,0.0,0.0,2.0,0.0,1448,1986,0.32623318385650224,0.3978664559462663,0.2963255630185697,0,1,1,0,0,1,0,0,0,0,0,0.0,0.0,sanguma01,Manny,Sanguillen
85,800,1889,28,1001,443,370,82.0,18.0,20.0,4484,3287,124,3.0,0.0,3.0,2.0,0.0,1720,2016,0.3675830157866086,0.3509984639016897,0.2901689708141321,0,0,1,1,0,0,0,0,0,0,0,0.01,,castilu01,Luis,Castillo
87,759,2127,427,1048,1335,17,120.0,29.0,32.0,768,11347,132,11.0,0.0,0.0,0.0,1.0,1912,2013,0.37650096836668817,0.5452177687744176,0.3077702213861959,0,1,1,0,0,1,0,0,0,0,0,0.83,,piazzmi01,Mike,Piazza
88,925,2732,379,1272,1652,49,172.0,41.0,47.0,2440,15127,240,7.0,0.0,0.0,2.0,3.0,2777,1992,0.340950976778474,0.4634894661484966,0.27940274084679895,0,1,1,0,0,0,0,0,0,0,0,0.49,1.0,perezto01,Tony,Perez
89,1096,3154,317,1583,1596,201,166.0,56.0,43.0,3984,5503,292,10.0,1.0,1.0,1.0,1.0,2707,1999,0.3692878082428005,0.4873900859986472,0.3047637452893999,1,0,1,0,1,0,0,0,0,0,0,0.87,1.0,brettge01,George,Brett
90,323,696,46,334,312,91,0.0,0.0,0.0,520,4059,75,3.0,0.0,0.0,0.0,0.0,810,1990,0.34128800261523373,0.3752331219694144,0.2596046251398732,0,1,1,0,0,1,0,0,0,0,0,0.0,,stearjo01,John,Stearns
91,618,1505,237,778,879,58,89.0,24.0,23.0,3344,1483,206,1.0,0.0,0.0,0.0,2.0,1649,1993,0.32923832923832924,0.44517128593561717,0.2590807367877432,0,1,1,0,1,0,0,0,0,0,0,0.0,,decindo01,Doug,DeCinces
92,670,2452,382,1249,1451,58,71.0,16.0,18.0,137,3103,66,7.0,1.0,0.0,0.0,2.0,2089,1995,0.3519275378327626,0.5020060790273556,0.29811550151975685,0,1,1,0,0,0,0,0,1,0,0,0.59,,riceji01,Jim,Rice
93,1263,2029,246,985,1065,21,57.0,19.0,17.0,82,2684,57,3.0,0.0,0.0,1.0,1.0,2082,1990,0.3879704537460429,0.43594380303241065,0.282236750591181,0,0,1,0,0,0,0,0,0,1,0,0.0,,singlke01,Ken,Singleton
94,475,1589,271,909,860,229,32.0,7.0,10.0,112,2932,76,1.0,0.0,2.0,0.0,1.0,1525,2011,0.33061096277681795,0.4848641210870313,0.2733058135534916,0,1,1,0,0,0,0,0,0,1,0,0.0,,mondera01,Raul,Mondesi
97,816,1401,335,898,1000,221,126.0,32.0,40.0,76,2515,62,6.0,0.0,0.0,4.0,0.0,1583,2005,0.3565217391304348,0.5053525286083426,0.25858250276854927,1,0,0,0,0,0,0,0,0,1,0,0.0,,strawda01,Darryl,Strawberry
100,450,2715,174,1077,1208,183,98.0,20.0,23.0,1379,15126,146,1.0,0.0,0.0,0.0,2.0,2517,1996,0.3211496094532345,0.40789613706502076,0.288921996381824,1,0,0,0,0,0,0,0,0,0,0,0.17,0.0,bucknbi01,Bill,Buckner
102,368,1705,102,651,766,32,141.0,43.0,44.0,106,2546,52,1.0,0.0,0.0,2.0,2.0,1747,1990,0.33254306938517464,0.40872677688767683,0.29060848815408213,0,1,1,0,0,0,0,0,1,0,0,0.0,0.0,pinielo01,Lou,Piniella
105,425,2207,41,1169,585,668,150.0,40.0,38.0,76,5060,67,2.0,0.0,1.0,1.0,1.0,2154,2000,0.32642675390766995,0.37575992756435134,0.2854740654507826,0,0,1,0,0,0,1,0,0,0,0,0.01,,wilsowi02,Willie,Wilson
106,449,1254,153,603,610,39,42.0,12.0,12.0,73,2715,55,0.0,0.0,0.0,1.0,0.0,1392,1981,0.33326923076923076,0.4294543904518329,0.2672634271099744,1,0,1,0,0,0,0,0,0,1,0,0.0,,northji01,Jim,Northrup
107,354,977,51,460,392,82,120.0,20.0,36.0,81,2901,35,0.0,0.0,4.0,2.0,1.0,1522,1989,0.32505966587112173,0.367989417989418,0.25846560846560845,1,0,0,0,0,0,1,0,0,0,0,0.0,,geronce01,Cesar,Geronimo
108,588,2153,222,1007,1099,14,24.0,10.0,5.0,1121,14270,68,6.0,1.0,9.0,0.0,0.0,1785,2001,0.35832900882200314,0.4713694131086677,0.30743966871340855,1,0,0,0,0,0,0,0,0,0,0,0.11,0.0,mattido01,Don,Mattingly
109,849,2356,376,1276,1330,128,54.0,14.0,14.0,1075,11612,165,10.0,0.0,1.0,0.0,1.0,2499,1999,0.34069400630914826,0.45671539515760623,0.26907263590680675,0,1,1,0,0,1,0,0,0,0,0,0.84,,fiskca01,Carlton,Fisk
111,266,1660,61,785,499,267,120.0,37.0,29.0,95,3150,61,1.0,0.0,0.0,2.0,1.0,1468,1990,0.3272849462365591,0.3965180316219577,0.2949014034464381,1,0,0,0,0,0,1,0,0,0,0,0.0,,rivermi01,Mickey,Rivers
112,687,1694,203,865,890,38,100.0,27.0,30.0,2564,4308,207,0.0,0.0,0.0,1.0,0.0,1908,1991,0.352122776821572,0.4378255208333333,0.2757161458333333,1,0,1,0,1,0,0,0,0,0,0,0.0,0.0,hebneri01,Richie,Hebner
113,913,2160,383,1355,1311,230,100.0,23.0,28.0,213,3976,57,5.0,1.0,7.0,0.0,1.0,1988,2011,0.40022435497943415,0.565223686115535,0.3127262197770378,1,0,1,0,0,0,0,0,0,1,0,0.16,,walkela01,Larry,Walker
116,513,2844,311,1354,1332,127,153.0,39.0,40.0,1233,14922,143,14.0,1.0,13.0,1.0,1.0,2543,2017,0.3335286649086825,0.4640325271059216,0.2964970809007506,0,1,1,0,0,1,0,0,0,0,0,0.87,,rodriiv01,Ivan,Rodriguez
117,737,2134,332,1109,1287,106,134.0,37.0,34.0,95,3114,65,6.0,0.0,0.0,1.0,0.0,1942,2014,0.36930668016194335,0.5157027142248117,0.30325422765382976,0,1,1,0,0,0,0,0,1,0,0,0.02,,aloumo01,Moises,Alou
118,291,1583,134,731,774,59,65.0,19.0,15.0,3501,2634,169,3.0,0.0,0.0,0.0,1.0,1630,2011,0.33174305673879706,0.42250413678985105,0.2910461481890053,0,0,1,1,0,0,0,0,0,0,0,0.0,,baergca01,Carlos,Baerga
120,1087,1833,224,1033,864,104,88.0,16.0,24.0,5891,4882,189,6.0,0.0,4.0,1.0,1.0,2008,1992,0.3705164550721065,0.42365747460087083,0.2660377358490566,0,1,1,1,0,0,0,0,0,0,0,0.02,,grichbo01,Bobby,Grich
121,1109,2038,473,1241,1512,14,37.0,13.0,10.0,1067,15236,131,2.0,0.0,0.0,1.0,0.0,2035,2015,0.3833891648377036,0.545928875463408,0.2798297404915557,1,0,1,0,0,0,0,0,0,0,0,0.11,,delgaca01,Carlos,Delgado
123,514,2055,123,985,854,216,149.0,34.0,37.0,5445,3023,198,0.0,0.0,2.0,1.0,0.0,1985,2017,0.3172725054891437,0.38971171647712244,0.27175350436392487,0,1,1,0,0,0,0,0,0,0,1,0.0,,cabreor01,Orlando,Cabrera
124,242,582,84,330,322,30,3.0,0.0,4.0,23,693,17,0.0,0.0,0.0,1.0,0.0,1051,1981,0.3303149606299213,0.41998231653404067,0.2572944297082228,1,0,1,0,0,0,0,0,1,0,0,0.0,,brownga01,Gates,Brown
126,547,1253,175,656,760,13,205.0,64.0,56.0,41,1326,24,2.0,0.0,0.0,1.0,1.0,1236,2018,0.36016613924050633,0.46172895092300764,0.2820801440792436,1,0,1,0,0,0,0,0,1,0,0,0.0,0.0,matsuhi01,Hideki,Matsui
127,761,3023,149,1610,900,938,87.0,34.0,21.0,142,4394,196,5.0,0.0,0.0,2.0,1.0,2616,1985,0.3425992134429746,0.41018195896244675,0.29258614014711576,1,0,0,0,0,0,0,0,1,0,0,0.82,,brocklo01,Lou,Brock
128,348,1001,141,544,531,57,196.0,48.0,58.0,1821,1219,119,1.0,0.0,1.0,3.0,1.0,1146,2007,0.32277456647398844,0.4217022370789406,0.25739264592440214,0,1,1,0,1,0,0,0,0,0,0,0.0,,brosisc01,Scott,Brosius
130,1243,2210,54,1239,687,271,162.0,36.0,47.0,6339,4859,237,5.0,0.0,0.0,2.0,3.0,2202,1998,0.37285058207839367,0.35145921676228487,0.27562983287602894,0,1,1,1,0,0,0,0,0,0,0,0.02,,randowi01,Willie,Randolph
135,154,966,28,444,355,47,0.0,0.0,0.0,3197,1648,131,1.0,0.0,0.0,0.0,0.0,1086,2006,0.2922882427307206,0.3408119658119658,0.25801282051282054,0,1,1,0,0,0,0,0,0,0,1,0.0,,disarga01,Gary,Disarcina
136,552,1775,252,927,1021,94,118.0,34.0,31.0,4594,3445,117,2.0,0.0,4.0,0.0,1.0,1780,2011,0.32479327639962047,0.4418674248092174,0.2655992817596888,0,1,1,1,0,0,0,0,0,0,0,0.01,0.0,boonebr01,Bret,Boone
137,663,1838,105,679,826,38,106.0,33.0,36.0,1185,11325,183,4.0,0.0,7.0,1.0,0.0,2264,1996,0.31488883337496876,0.3461697722567288,0.2536922015182885,0,1,1,0,0,1,0,0,0,0,0,0.02,,boonebo01,Bob,Boone
138,541,1934,208,1125,846,346,189.0,56.0,49.0,97,4739,71,3.0,0.0,7.0,3.0,0.0,1941,2007,0.31949120838009726,0.41911764705882354,0.2633442265795207,0,0,1,0,0,0,1,0,0,0,0,0.0,,whitede03,Devon,White
139,564,1594,109,780,738,225,68.0,21.0,21.0,4356,2746,259,3.0,0.0,0.0,3.0,0.0,1860,1994,0.32268511703223907,0.38852672750977835,0.25977835723598436,0,1,1,1,0,0,0,0,0,0,0,0.0,0.0,garneph01,Phil,Garner
142,263,1127,166,536,641,71,24.0,5.0,12.0,267,3336,73,0.0,0.0,0.0,1.0,1.0,1472,1989,0.29965899403239554,0.4381301558203483,0.2582493125572869,0,1,1,0,0,0,0,0,1,0,0,0.0,,robinbi02,Bill,Robinson
143,479,2599,272,1143,1308,83,222.0,75.0,55.0,1434,19004,130,10.0,1.0,4.0,1.0,4.0,2332,1993,0.3293755963108237,0.446066779852858,0.29417091114883986,0,1,1,0,0,0,0,0,0,0,0,0.49,0.0,garvest01,Steve,Garvey
144,323,1802,117,777,754,248,107.0,29.0,29.0,94,4449,78,0.0,0.0,8.0,1.0,1.0,1749,1992,0.3201481481481481,0.41288895909019113,0.2846311799083873,0,1,1,0,0,0,1,0,0,0,0,0.0,,maddoga01,Garry,Maddox
145,683,2712,339,1272,1493,154,111.0,26.0,30.0,152,3949,144,6.0,1.0,3.0,2.0,1.0,2466,1997,0.33889816360601,0.4707202393673862,0.2898055139987177,1,0,1,0,0,0,0,0,0,1,0,0.13,,parkeda01,Dave,Parker
146,553,2074,151,1007,874,224,128.0,39.0,33.0,2847,2098,153,1.0,0.0,0.0,1.0,2.0,1862,1998,0.34271523178807944,0.4105895501536742,0.2897457390332495,0,1,1,0,1,0,0,0,0,0,0,0.0,,lansfca01,Carney,Lansford
149,457,1936,434,1061,1404,26,62.0,18.0,15.0,91,2595,46,3.0,2.0,0.0,0.0,0.0,1689,2011,0.34321263805396335,0.5607077486272117,0.2953020134228188,0,1,1,0,0,0,0,0,0,1,0,0.32,0.0,gonzaju03,Juan,Gonzalez
151,970,1674,299,986,1016,48,59.0,17.0,16.0,99,2695,64,0.0,0.0,0.0,1.0,0.0,1672,2012,0.3851399346498082,0.49848331648129424,0.282103134479272,0,1,1,0,0,0,0,0,0,1,0,0.0,,salmoti01,Tim,Salmon
152,418,1453,162,638,745,23,89.0,25.0,25.0,651,7849,100,3.0,0.0,0.0,1.0,2.0,1546,2005,0.32630505016153716,0.4198174706649283,0.27062767740733845,0,1,1,0,0,1,0,0,0,0,0,0.0,,steinte01,Terry,Steinbach
155,371,1243,117,641,500,44,34.0,8.0,11.0,327,3688,46,0.0,0.0,4.0,1.0,0.0,1517,1984,0.2984360625574977,0.3765432098765432,0.2475109518120271,0,1,1,0,0,0,1,0,0,0,0,0.0,0.0,stanlmi01,Mickey,Stanley
156,297,984,43,448,372,6,61.0,11.0,19.0,2823,2115,75,0.0,0.0,0.0,1.0,1.0,1140,1991,0.31025395304264497,0.34264821102115434,0.25698615826586574,0,1,1,1,0,0,0,0,0,0,0,0.0,,dauerri01,Rich,Dauer
158,692,1229,228,760,760,231,26.0,1.0,11.0,2147,1276,217,2.0,0.0,0.0,2.0,0.0,1531,2001,0.33964248159831756,0.4461538461538462,0.24878542510121457,0,0,1,0,1,0,0,0,0,0,0,0.0,0.0,johnsho01,Howard,Johnson
160,1224,1665,291,1105,964,225,26.0,5.0,9.0,167,3937,84,3.0,0.0,0.0,1.0,1.0,1920,1983,0.3655051391326147,0.4360438899744476,0.25026303923042237,0,1,1,0,0,0,1,0,0,0,0,0.0,,wynnji01,Jim,Wynn
161,753,1609,146,972,567,408,0.0,0.0,1.0,787,2823,100,1.0,0.0,0.0,0.0,0.0,1810,1982,0.3381772009029345,0.37884830116446006,0.2566597543467858,0,1,1,0,0,0,0,0,1,0,0,0.0,,harpeto01,Tommy,Harper
164,855,2472,248,1074,1389,21,59.0,11.0,17.0,1092,10544,169,5.0,0.0,0.0,0.0,2.0,2456,1994,0.347942939838743,0.4369815668202765,0.2847926267281106,0,0,1,0,0,1,0,0,0,0,0,0.07,,simmote01,Ted,Simmons
165,1330,2605,170,1571,980,808,126.0,34.0,34.0,273,4284,61,7.0,0.0,0.0,2.0,0.0,2502,2008,0.38536821705426355,0.4250450856627592,0.2936203787195672,0,0,1,0,0,0,0,0,1,0,0,0.52,1.0,raineti01,Tim,Raines
166,163,336,14,150,159,5,7.0,0.0,7.0,570,697,40,0.0,0.0,0.0,2.0,1.0,702,1980,0.3157564344005022,0.3132530120481928,0.23812898653437278,0,1,1,1,0,0,0,0,0,0,0,0.0,,gagliph01,Phil,Gagliano
169,289,1149,31,496,438,50,8.0,3.0,10.0,83,1481,35,1.0,0.0,0.0,0.0,4.0,1536,1988,0.3547918683446273,0.3892564170415454,0.30404869012966396,0,1,1,0,0,0,0,0,1,0,0,0.0,,motama01,Manny,Mota
170,440,1578,161,873,703,396,1.0,0.0,4.0,3288,3572,188,2.0,0.0,0.0,0.0,1.0,1720,2004,0.31520265180051227,0.4196678177931261,0.25949679329057723,0,1,1,1,0,0,0,0,0,0,0,0.0,,samueju01,Juan,Samuel
172,271,813,82,311,381,12,0.0,0.0,0.0,493,5765,61,1.0,0.0,1.0,0.0,0.0,1061,1983,0.2922994937383427,0.3495061011040093,0.23619988378849507,0,1,1,0,0,1,0,0,0,0,0,0.0,,hundlra01,Randy,Hundley
173,376,1414,35,701,392,123,176.0,49.0,44.0,3390,1905,98,2.0,0.0,0.0,2.0,0.0,1311,2016,0.3452402214681193,0.35528664947431066,0.2804999008133307,0,1,1,0,0,0,0,0,0,0,1,0.01,0.0,eckstda01,David,Eckstein
174,847,1759,112,770,720,42,50.0,14.0,17.0,6259,3314,288,2.0,0.0,0.0,0.0,1.0,2260,1995,0.32677555060628555,0.3489379541643376,0.24580771380659586,0,1,1,0,0,0,0,0,0,0,1,0.02,,speiech01,Chris,Speier
175,623,1488,98,909,533,370,205.0,57.0,63.0,101,2388,92,1.0,0.0,0.0,3.0,3.0,1613,2000,0.37143820603608163,0.41992263056092843,0.28781431334622826,0,1,1,0,0,0,0,0,1,0,0,0.0,,smithlo01,Lonnie,Smith
179,438,1558,113,696,701,48,129.0,46.0,30.0,742,6342,130,6.0,1.0,3.0,2.0,1.0,1423,1981,0.34648078884733086,0.4098053892215569,0.29154191616766467,0,1,1,0,0,1,0,0,0,0,0,0.0,,munsoth01,Thurman,Munson
181,387,1608,149,656,824,64,0.0,0.0,0.0,2031,1935,196,2.0,0.0,0.0,0.0,0.0,1645,2000,0.3145111386138614,0.4029126213592233,0.26916638767994644,0,1,1,0,0,0,0,0,0,1,0,0.0,,brookhu01,Hubie,Brooks
182,793,2107,352,1253,1206,181,93.0,26.0,25.0,81,3435,60,1.0,0.0,1.0,1.0,0.0,2000,2010,0.36332392291641097,0.510370575221239,0.2913440265486726,0,1,1,0,0,0,1,0,0,0,0,0.03,0.0,burksel01,Ellis,Burks
183,649,1170,100,582,592,58,47.0,14.0,12.0,401,6022,42,2.0,0.0,0.0,0.0,1.0,1200,2001,0.39664561097800044,0.4457274826789838,0.3002309468822171,1,0,0,0,0,0,0,0,0,0,0,0.0,,krukjo01,John,Kruk
184,412,2006,160,912,886,178,150.0,32.0,42.0,6629,4944,206,5.0,0.0,8.0,1.0,1.0,2324,1996,0.29261295720774566,0.38287313907621834,0.25524875938414554,0,1,1,1,0,0,0,0,0,0,0,0.03,,whitefr01,Frank,White
186,663,1041,139,601,507,64,0.0,0.0,0.0,184,3389,73,0.0,0.0,0.0,0.0,0.0,1366,1981,0.354932502596054,0.416322564974496,0.2528540199174156,1,0,0,0,0,0,0,0,1,0,0,0.0,0.0,briggjo02,John,Briggs
190,454,1418,118,536,614,15,21.0,5.0,9.0,789,10840,81,0.0,0.0,0.0,1.0,1.0,1853,1985,0.3163367997316337,0.3765636497424577,0.2608535688005887,1,0,0,0,0,0,0,0,0,0,0,0.01,0.0,kraneed01,Ed,Kranepool
191,749,1875,215,973,884,58,48.0,10.0,13.0,122,4998,82,3.0,0.0,0.0,1.0,0.0,1988,1996,0.354768601380721,0.4423412929528247,0.27300524170064067,0,1,1,0,0,0,1,0,0,0,0,0.0,,lemonch01,Chet,Lemon
195,891,2048,389,1091,1376,68,169.0,45.0,45.0,1191,10469,151,12.0,2.0,10.0,2.0,2.0,2158,1989,0.34164934164934163,0.47584225646382866,0.2674327500652912,0,1,1,0,0,1,0,0,0,0,0,0.75,,benchjo01,Johnny,Bench
196,1329,2574,555,1544,1831,38,410.0,117.0,111.0,129,3206,75,9.0,0.0,0.0,2.0,2.0,2302,2017,0.4105607859189521,0.5853954391072295,0.31222707423580787,0,1,1,0,0,0,0,0,1,0,0,0.2,,ramirma02,Manny,Ramirez
197,516,869,57,436,323,43,0.0,0.0,0.0,2112,775,173,0.0,0.0,0.0,0.0,0.0,1128,1980,0.34125636672325976,0.34430379746835443,0.24444444444444444,0,1,1,0,1,0,0,0,0,0,0,0.0,,schaapa01,Paul,Schaal
198,553,2251,227,1187,967,429,218.0,69.0,52.0,98,4880,61,2.0,0.0,4.0,1.0,2.0,2165,2011,0.3177894854836902,0.41450151057401813,0.27202416918429,0,1,1,0,0,0,1,0,0,0,0,0.01,,grissma02,Marquis,Grissom
200,407,1227,146,541,599,11,20.0,3.0,8.0,798,9920,55,1.0,0.0,2.0,1.0,1.0,1553,1988,0.30721994789728324,0.38671556642216787,0.25,1,0,0,0,0,0,0,0,0,0,0,0.0,,spencji01,Jim,Spencer
202,239,1764,28,773,619,169,44.0,12.0,18.0,5375,2935,222,2.0,0.0,1.0,0.0,1.0,1993,2006,0.28747139588100684,0.3381693090038887,0.26383487885133117,1,0,1,0,0,0,0,0,0,0,1,0.0,,guilloz01,Ozzie,Guillen
203,597,1779,325,984,1072,46,163.0,44.0,44.0,97,3273,65,2.0,0.0,1.0,1.0,1.0,1763,2015,0.3381863560732113,0.48820718359796517,0.2742407892708494,0,1,1,0,0,0,0,0,0,1,0,0.0,,dyeje01,Jermaine,Dye
204,331,1702,265,814,1002,67,48.0,13.0,12.0,84,2294,88,3.0,1.0,0.0,0.0,0.0,1587,1999,0.31612511387792286,0.4692144373673036,0.2779683161848767,0,1,1,0,0,0,0,0,1,0,0,0.01,,bellge02,George,Bell
205,945,2428,130,1528,781,622,392.0,97.0,95.0,142,4856,79,5.0,0.0,4.0,0.0,2.0,2103,2013,0.3716437459070072,0.4227832512315271,0.29901477832512313,1,0,0,0,0,0,1,0,0,0,0,0.09,,loftoke01,Kenny,Lofton
206,592,1093,96,525,471,20,66.0,20.0,25.0,771,7402,100,0.0,0.0,0.0,2.0,2.0,1766,1998,0.3186751497005988,0.34697357203751067,0.23294970161977835,0,1,1,0,0,1,0,0,0,0,0,0.0,,dempsri01,Rick,Dempsey
208,737,2590,449,1328,1496,181,171.0,45.0,44.0,126,3169,125,9.0,1.0,0.0,0.0,1.0,2147,2017,0.37862898774699194,0.5525444512568977,0.31759656652360513,0,1,1,0,0,0,0,0,0,1,0,0.44,1.0,guerrvl01,Vladimir,Guerrero
209,263,864,116,391,445,40,0.0,0.0,0.0,55,1621,30,0.0,0.0,0.0,0.0,0.0,997,1980,0.3259562841530055,0.4139703658905352,0.26126398548533414,0,1,1,0,0,0,0,0,1,0,0,0.0,,reichri01,Rick,Reichardt
210,258,1121,86,572,497,193,83.0,21.0,27.0,101,2915,58,0.0,0.0,0.0,1.0,3.0,1282,1985,0.3139130434782609,0.38225578102878716,0.2645115620575743,1,0,0,0,0,0,1,0,0,0,0,0.0,,tolanbo01,Bobby,Tolan
211,532,833,95,429,426,58,5.0,0.0,4.0,546,6983,54,0.0,0.0,1.0,0.0,1.0,1633,1991,0.34723957032225833,0.3729903536977492,0.24349605378544284,1,0,0,0,0,0,0,0,0,0,0,0.0,0.0,jorgemi01,Mike,Jorgensen
213,1108,2254,342,1138,1331,35,0.0,0.0,0.0,4717,2100,327,8.0,0.0,5.0,0.0,0.0,2243,1980,0.3623574549717574,0.46407957755127105,0.2768021613655901,0,1,1,0,1,0,0,0,0,0,0,0.14,1.0,santoro01,Ron,Santo
214,1197,2369,244,1386,1084,143,49.0,10.0,13.0,6653,4771,189,4.0,0.0,3.0,1.0,0.0,2390,2001,0.36302895322939865,0.4260210035005834,0.2764294049008168,1,0,1,1,0,0,0,0,0,0,0,0.11,,whitalo01,Lou,Whitaker
215,483,1926,46,796,627,167,194.0,57.0,49.0,5713,3104,355,3.0,0.0,0.0,1.0,3.0,2181,1992,0.3099645030425964,0.3376605629953539,0.2631866630226838,0,1,1,0,0,0,0,0,0,0,1,0.0,,russebi01,Bill,Russell
216,740,1430,282,938,934,349,73.0,14.0,25.0,60,3104,50,2.0,0.0,3.0,1.0,0.0,1626,2007,0.3585611979166667,0.48242811501597443,0.26874647622627323,0,1,1,0,0,0,1,0,0,0,0,0.0,,daviser01,Eric,Davis
218,188,350,54,199,218,15,3.0,0.0,3.0,23,508,15,0.0,0.0,0.0,1.0,1.0,698,1990,0.350314465408805,0.42523705324580596,0.2552881108679796,1,0,1,0,0,0,0,0,0,1,0,0.0,0.0,summech01,Champ,Summers
219,139,336,8,164,112,38,4.0,0.0,3.0,541,628,34,0.0,0.0,0.0,0.0,1.0,777,1979,0.3056962025316456,0.3049295774647887,0.23661971830985915,0,0,1,0,0,0,0,0,1,0,0,0.0,,stewaji01,Jimmy,Stewart
220,1512,2726,468,1619,1623,150,338.0,97.0,93.0,3581,1771,243,7.0,1.0,0.0,1.0,2.0,2499,2018,0.40109320516445196,0.5292742653606411,0.30342831700801426,0,0,1,0,1,0,0,0,0,0,0,0.86,,jonesch06,Chipper,Jones
221,364,2040,90,946,640,133,85.0,16.0,21.0,4975,2945,185,1.0,0.0,1.0,0.0,0.0,1802,2016,0.33174666137776015,0.39322178105501987,0.2892796369824163,0,1,1,1,0,0,0,0,0,0,0,0.0,0.0,grudzma01,Mark,Grudzielanek
225,780,1925,339,1009,1271,27,356.0,83.0,99.0,1159,15001,80,2.0,0.0,0.0,4.0,1.0,2023,2011,0.34420921544209215,0.4709604837575587,0.2707073548024188,1,0,1,0,0,0,0,0,0,0,0,0.01,,martiti02,Tino,Martinez
226,768,1366,262,756,925,37,0.0,0.0,0.0,214,1659,63,1.0,0.0,0.0,0.0,0.0,1406,2003,0.36832191780821916,0.49590900019956097,0.27260027938535225,0,1,1,0,0,0,0,0,0,1,0,0.0,,tartada01,Danny,Tartabull
228,828,1561,238,968,874,258,37.0,7.0,14.0,72,3530,63,1.0,0.0,0.0,0.0,1.0,1701,2010,0.36389555822328934,0.4765964851226727,0.27161997563946405,1,0,0,0,0,0,1,0,0,0,0,0.0,,lankfra01,Ray,Lankford
230,1129,3184,431,1647,1695,36,110.0,37.0,28.0,8214,4112,294,18.0,2.0,2.0,1.0,0.0,3001,2007,0.34016934669463217,0.44740715089602634,0.2756471301186045,0,1,1,0,0,0,0,0,0,0,1,1.0,,ripkeca01,Cal,Ripken
231,241,458,18,132,169,3,0.0,0.0,0.0,333,3162,62,0.0,0.0,0.0,0.0,0.0,740,1980,0.3191681735985534,0.3087179487179487,0.23487179487179488,0,1,1,0,0,1,0,0,0,0,0,0.0,,cannich01,Chris,Cannizzaro
232,697,1051,268,681,782,50,59.0,6.0,17.0,56,2954,51,1.0,0.0,0.0,0.0,1.0,1436,1992,0.3243342516069789,0.44750908702159503,0.22471669873850758,0,1,1,0,0,0,1,0,0,0,0,0.0,,thomago01,Gorman,Thomas
235,998,1949,393,1251,1199,67,230.0,63.0,64.0,160,4930,58,4.0,0.0,8.0,1.0,1.0,2011,2016,0.37590966122961106,0.5271216097987752,0.284193642461359,1,0,0,0,0,0,1,0,0,0,0,0.02,,edmonji01,Jim,Edmonds
236,853,1963,195,1123,860,91,107.0,28.0,30.0,5609,3202,220,2.0,0.0,1.0,1.0,0.0,2063,2009,0.34341381783409036,0.4157880508245472,0.2653419843200865,0,1,1,0,0,0,0,0,0,0,1,0.0,,bellja01,Jay,Bell
237,653,1826,184,802,989,27,62.0,23.0,17.0,679,9848,110,2.0,0.0,0.0,0.0,1.0,1832,1990,0.3635448136958711,0.4473726758286176,0.2952303961196443,0,1,1,0,0,0,0,0,0,0,0,0.0,,watsobo01,Bob,Watson
238,576,1316,20,676,389,167,126.0,23.0,43.0,5831,3040,211,1.0,0.0,8.0,2.0,3.0,2016,1988,0.29998448890957036,0.2795643153526971,0.22752420470262794,0,1,1,0,0,0,0,0,0,0,1,0.0,,belanma01,Mark,Belanger
240,924,1619,241,950,775,98,81.0,17.0,30.0,118,3978,81,2.0,0.0,0.0,1.0,2.0,1986,1990,0.3607363687464868,0.4429595827900913,0.26385267275097785,1,0,0,0,0,0,1,0,0,0,0,0.0,,mondari01,Rick,Monday
242,370,748,6,302,252,7,70.0,8.0,29.0,3684,1974,153,0.0,0.0,1.0,5.0,1.0,1423,1981,0.29292403746097817,0.25936683125181526,0.21725239616613418,0,1,1,0,0,0,0,0,0,0,1,0.01,,maxvida01,Dal,Maxvill
244,475,1697,124,913,699,179,118.0,40.0,29.0,370,6963,33,2.0,0.0,3.0,1.0,0.0,1654,2015,0.335765313877489,0.4068725099601594,0.2817065073041169,1,0,0,0,0,0,0,0,0,0,0,0.01,0.0,erstada01,Darin,Erstad
247,632,2109,185,912,972,40,114.0,32.0,30.0,1351,17771,130,1.0,0.0,1.0,2.0,1.0,2175,1994,0.3340574462949554,0.4147404570070004,0.2785629375247656,1,0,1,0,0,0,0,0,0,0,0,0.0,,chambch01,Chris,Chambliss
248,608,1575,442,901,1210,85,9.0,1.0,4.0,693,5835,174,2.0,0.0,0.0,1.0,0.0,1941,1992,0.3016322676379334,0.47790924067695073,0.23588437921222105,0,1,1,0,0,0,0,0,0,0,0,0.12,0.0,kingmda01,Dave,Kingman
249,543,1229,85,663,493,20,145.0,34.0,36.0,2086,817,126,0.0,0.0,0.0,1.0,1.0,1216,2012,0.3726541554959786,0.42457968269003077,0.29102533743784037,0,0,1,0,1,0,0,0,0,0,0,0.0,0.0,muellbi02,Bill,Mueller
250,651,2156,294,1076,1236,94,75.0,17.0,21.0,108,3208,44,6.0,0.0,0.0,0.0,1.0,1848,2017,0.36852306499547743,0.5024362281456004,0.30897105187732876,0,1,1,0,0,0,0,0,0,1,0,0.05,0.0,ordonma01,Magglio,Ordonez
252,355,1906,274,934,1141,152,17.0,10.0,4.0,128,2829,80,4.0,0.0,0.0,0.0,0.0,1704,2007,0.3360583941605839,0.4988246356370475,0.29869926343833253,0,1,1,0,0,0,0,0,0,1,0,0.0,,bicheda01,Dante,Bichette
253,448,2192,241,1012,1125,89,95.0,20.0,25.0,1000,13361,121,5.0,0.0,2.0,0.0,2.0,1896,1993,0.3366273913594324,0.4659137297591509,0.29827187372431624,1,0,0,0,0,0,0,0,0,0,0,0.01,0.0,coopece01,Cecil,Cooper
254,660,1731,79,996,543,465,22.0,9.0,7.0,3617,3025,160,1.0,0.0,0.0,0.0,0.0,1730,2012,0.3587962962962963,0.3900964209838209,0.2828893610067004,0,1,1,1,0,0,0,0,0,0,0,0.0,0.0,younger01,Eric,Young
256,512,1127,90,545,536,85,19.0,2.0,7.0,193,2920,45,1.0,0.0,0.0,1.0,1.0,1165,1983,0.3570822731128075,0.3919902912621359,0.27354368932038836,1,0,1,0,0,0,0,0,1,0,0,0.0,0.0,mayca01,Carlos,May
258,450,1576,186,745,756,23,98.0,22.0,25.0,3516,3079,159,1.0,0.0,0.0,0.0,1.0,1652,2015,0.3284203780839475,0.43331585387170074,0.27547631532948785,0,1,1,0,0,0,0,0,0,0,1,0.0,,aurilri01,Rich,Aurilia
259,450,2304,207,1071,1085,134,97.0,30.0,24.0,143,4392,51,10.0,0.0,6.0,2.0,0.0,1783,2001,0.3598872950819672,0.47667034787410273,0.3180563224737714,0,1,1,0,0,0,1,0,0,0,0,0.75,,puckeki01,Kirby,Puckett
260,602,1776,223,895,1022,72,68.0,13.0,20.0,3582,1393,179,5.0,0.0,1.0,0.0,0.0,1698,2008,0.3358789225215218,0.4428328961580003,0.2740317852183305,0,1,1,0,1,0,0,0,0,0,0,0.0,,frymatr01,Travis,Fryman
263,562,719,122,407,445,22,35.0,7.0,13.0,384,4253,68,0.0,0.0,0.0,1.0,2.0,1013,1989,0.35763792625450513,0.4091969343552149,0.23958680439853383,0,1,1,0,0,1,0,0,0,0,0,0.0,,fergujo01,Joe,Ferguson
264,719,2143,152,1129,859,200,75.0,18.0,20.0,199,4578,89,2.0,0.0,0.0,3.0,0.0,2097,1997,0.3587376824248472,0.4311799695670217,0.29644487480979387,1,0,0,0,0,0,0,0,0,1,0,0.0,,griffke01,Ken,Griffey
265,609,1618,215,730,898,97,89.0,20.0,26.0,1093,6007,165,4.0,0.0,0.0,2.0,1.0,1536,1998,0.36996396986570584,0.47997032640949555,0.3000741839762611,0,1,1,0,0,0,0,0,0,0,0,0.0,0.0,guerrpe01,Pedro,Guerrero
269,1153,1954,195,1115,918,238,0.0,0.0,0.0,4965,2530,279,1.0,0.0,0.0,0.0,0.0,2155,1992,0.36478711162255467,0.3952985679546069,0.26398270737638474,0,1,1,0,1,0,0,0,0,0,0,0.0,0.0,harrato01,Toby,Harrah
271,614,1307,193,664,757,25,228.0,54.0,63.0,541,10166,69,2.0,0.0,1.0,2.0,0.0,1546,2017,0.34072545985903385,0.43537948617375954,0.25632476956265937,0,0,1,0,0,1,0,0,0,0,0,0.01,,varitja01,Jason,Varitek
273,465,1106,81,430,524,15,12.0,4.0,4.0,703,8925,82,2.0,0.0,2.0,0.0,2.0,1470,1980,0.3111154675553813,0.35285121258466245,0.24164299759667904,1,0,1,0,0,1,0,0,0,0,0,0.0,0.0,edwarjo01,Johnny,Edwards
274,180,881,123,380,474,59,0.0,0.0,0.0,85,1570,47,1.0,0.0,1.0,0.0,0.0,894,1991,0.3153232949512843,0.4576753000631712,0.2782691092861655,0,1,1,0,0,0,0,0,0,1,0,0.0,,valenel01,Ellis,Valentine
278,1667,2468,521,1494,1704,32,49.0,11.0,16.0,497,7910,80,3.0,2.0,0.0,1.0,0.0,2322,2014,0.41909866984316063,0.5549457250884254,0.30101231857543603,0,1,1,0,0,0,0,1,0,0,0,0.85,,thomafr04,Frank,Thomas
280,187,775,9,339,222,90,1.0,0.0,2.0,1197,1493,72,0.0,0.0,0.0,0.0,0.0,955,1991,0.31036662452591657,0.3251617296561117,0.26387470207694924,0,1,1,0,0,0,0,0,0,1,0,0.0,,bailobo01,Bob,Bailor
281,583,2333,399,1195,1425,128,66.0,12.0,18.0,1376,18244,176,5.0,0.0,2.0,0.0,0.0,2257,2010,0.3470555243970836,0.49876482213438733,0.28816699604743085,0,1,1,0,0,0,0,0,0,0,0,0.17,0.0,galaran01,Andres,Galarraga
283,353,1502,53,604,594,80,0.0,0.0,0.0,3836,2757,123,1.0,0.0,0.0,0.0,0.0,1353,1996,0.33285790693528255,0.3907093292212799,0.28951426368542793,0,0,1,1,0,0,0,0,0,0,0,0.0,0.0,rayjo01,Johnny,Ray
285,876,1342,253,792,895,48,0.0,0.0,0.0,502,6239,52,2.0,0.0,0.0,0.0,0.0,1565,1993,0.3597706641184902,0.4515214515214515,0.25363825363825365,0,1,1,0,0,0,0,1,0,0,0,0.0,,thornan01,Andre,Thornton
287,421,1316,107,647,545,66,52.0,15.0,15.0,2753,2239,96,0.0,0.0,0.0,0.0,0.0,1288,2013,0.34802461782807226,0.4350021958717611,0.2889767237593325,1,0,1,1,0,0,0,0,0,0,0,0.0,0.0,walketo04,Todd,Walker
288,217,411,30,197,177,25,0.0,0.0,0.0,36,1162,18,0.0,0.0,0.0,1.0,1.0,706,1980,0.3094192288921425,0.3305785123966942,0.22644628099173553,1,0,0,0,0,0,1,0,0,0,0,0.0,0.0,gosgeji01,Jim,Gosger
290,610,2152,306,1084,1322,142,91.0,24.0,31.0,108,2951,94,4.0,0.0,0.0,1.0,1.0,2186,2012,0.31533993850358727,0.44952759820984584,0.2675285927399304,0,0,1,0,0,0,0,0,0,1,0,0.0,,sierrru01,Ruben,Sierra
291,1391,2446,385,1470,1384,78,113.0,27.0,32.0,228,5450,78,3.0,0.0,8.0,0.0,2.0,2606,1997,0.36987734144718076,0.4702089817696754,0.27189862160960426,0,1,1,0,0,0,0,0,0,1,0,0.43,0.0,evansdw01,Dwight,Evans
293,715,1726,151,844,706,76,0.0,0.0,0.0,4555,3805,291,6.0,0.0,1.0,0.0,1.0,1902,1984,0.3377031271336884,0.3984363023148858,0.26460217691246357,0,1,1,0,0,0,0,0,0,0,1,0.0,,fregoji01,Jim,Fregosi
294,555,1429,39,745,370,65,0.0,0.0,0.0,3807,2822,185,2.0,0.0,0.0,0.0,0.0,1483,1980,0.36779521056977704,0.3467048710601719,0.27297039159503345,0,1,1,1,0,0,0,0,0,0,0,0.0,,huntro01,Ron,Hunt
295,552,1724,284,797,1027,59,50.0,15.0,15.0,1359,14056,111,0.0,0.0,0.0,0.0,0.0,1755,2010,0.32492957746478873,0.4536562645551933,0.2676603011954665,0,1,1,0,0,0,0,0,0,0,0,0.0,,karroer01,Eric,Karros
296,370,815,73,357,352,13,0.0,0.0,0.0,2347,2031,100,0.0,0.0,0.0,0.0,1.0,1141,1979,0.31403000789681496,0.3572267920094007,0.23942420681551116,1,0,1,1,0,0,0,0,0,0,0,0.0,,allenbe01,Bernie,Allen
297,308,1353,36,739,368,363,156.0,33.0,40.0,2780,2044,134,1.0,0.0,0.0,1.0,1.0,1303,2012,0.3167666916729182,0.35643763852508564,0.27261736852710056,1,0,1,1,0,0,0,0,0,0,0,0.0,,womacto01,Tony,Womack
298,481,1344,87,617,481,64,11.0,5.0,8.0,157,3643,55,0.0,0.0,0.0,1.0,0.0,1799,1988,0.3190675017397356,0.3581975071907958,0.25771812080536916,1,0,0,0,0,0,1,0,0,0,0,0.0,0.0,unserde01,Del,Unser
299,1401,2314,449,1517,1529,202,106.0,24.0,33.0,1705,17546,129,4.0,1.0,1.0,0.0,1.0,2150,2011,0.40761561306745864,0.540336026676927,0.2967808131332564,0,1,1,0,0,0,0,0,0,0,0,0.74,,bagweje01,Jeff,Bagwell
303,475,940,167,465,570,6,62.0,17.0,19.0,568,7218,51,2.0,0.0,4.0,1.0,0.0,1188,2011,0.3297458209297,0.43274244004171014,0.24504692387904067,0,1,1,0,0,1,0,0,0,0,0,0.0,,johnsch04,Charles,Johnson
304,739,1447,315,917,981,74,0.0,0.0,0.0,93,2913,71,1.0,0.0,0.0,0.0,1.0,1694,2012,0.3445966514459665,0.48126094570928196,0.25341506129597197,1,0,1,0,0,0,0,0,0,1,0,0.0,,burnije01,Jeromy,Burnitz
305,222,379,42,174,229,3,11.0,3.0,13.0,46,634,9,0.0,0.0,0.0,2.0,3.0,865,1989,0.34506242905788875,0.37483530961791833,0.24967061923583664,1,0,0,0,0,0,0,1,0,0,0,0.0,,crowlte01,Terry,Crowley
307,945,2004,253,986,1110,53,113.0,33.0,29.0,3089,5257,276,0.0,0.0,0.0,0.0,2.0,2158,2010,0.34614049299849553,0.4233460979796646,0.2646243232536643,0,1,1,0,1,0,0,0,0,0,0,0.01,,zeileto01,Todd,Zeile
309,2190,3055,297,2295,1115,1406,222.0,63.0,60.0,131,6468,141,10.0,1.0,1.0,2.0,2.0,3081,2009,0.40124662060678884,0.4185749475412827,0.2787154456710154,0,1,0,0,0,0,0,0,1,0,0,0.95,,henderi01,Rickey,Henderson
310,899,2077,316,1211,1287,118,141.0,31.0,39.0,4081,1478,186,5.0,0.0,8.0,1.0,1.0,2038,2018,0.36433016320300576,0.49040281157069476,0.2807515544741822,0,1,1,0,1,0,0,0,0,0,0,0.01,,rolensc01,Scott,Rolen
311,1312,2781,630,1662,1836,184,69.0,20.0,18.0,154,5607,89,9.0,1.0,10.0,0.0,0.0,2671,2016,0.36951133144475923,0.5378022650749924,0.2837465564738292,1,0,0,0,0,0,1,0,0,0,0,0.65,1.0,griffke02,Ken,Griffey
312,567,1980,267,941,1111,59,75.0,17.0,23.0,207,4758,65,3.0,0.0,0.0,2.0,0.0,2048,1994,0.32919015889287545,0.4457848225557582,0.2777388132977977,0,1,1,0,0,0,0,0,0,1,0,0.0,,hendrge01,George,Hendrick
313,699,1493,95,621,624,20,48.0,10.0,14.0,1007,9773,81,2.0,0.0,6.0,1.0,0.0,1962,1995,0.32654867256637166,0.34761667497093507,0.24796545424348115,0,1,1,0,0,1,0,0,0,0,0,0.01,,sundbji01,Jim,Sundberg
319,275,682,43,268,293,10,32.0,6.0,11.0,1597,1763,69,0.0,0.0,0.0,0.0,1.0,891,1991,0.3291311754684838,0.37928408225437926,0.2597105864432597,0,1,1,0,1,0,0,0,0,0,0,0.0,,howear01,Art,Howe
320,520,1503,171,794,754,93,15.0,6.0,9.0,2445,1787,148,2.0,0.0,0.0,0.0,1.0,1556,2017,0.35036018336607727,0.43102176318701585,0.27720398376982663,0,1,1,0,1,0,0,0,0,0,0,0.0,,morame01,Melvin,Mora
323,468,1884,164,926,824,312,39.0,13.0,15.0,104,3198,91,2.0,0.0,0.0,1.0,0.0,1912,1996,0.3252519749387088,0.4196257551200825,0.277589509356122,1,0,0,0,0,0,0,0,0,1,0,0.0,,washicl01,Claudell,Washington
324,612,1782,324,856,1070,28,30.0,8.0,8.0,986,9840,98,7.0,0.0,3.0,1.0,0.0,1988,2001,0.31270903010033446,0.4404980897127494,0.25215791707938306,0,1,1,0,0,1,0,0,0,0,0,0.04,,parrila02,Lance,Parrish
325,101,627,50,214,252,2,0.0,0.0,0.0,395,4040,69,0.0,0.0,0.0,0.0,0.0,859,1980,0.2523972602739726,0.31873653984206746,0.2250538406317301,0,1,1,0,0,1,0,0,0,0,0,0.0,0.0,casanpa01,Paul,Casanova
326,585,1447,245,706,923,11,20.0,4.0,10.0,974,7038,104,0.0,0.0,0.0,3.0,2.0,1765,1982,0.3105796882094748,0.41996296919710485,0.24356168995118666,0,1,1,0,0,0,0,0,0,0,0,0.0,,johnsde01,Deron,Johnson
327,560,1615,235,784,901,87,60.0,11.0,16.0,121,3399,74,3.0,0.0,0.0,0.0,1.0,1754,1992,0.33601946176068115,0.45036360561474714,0.2731270082868256,1,0,0,0,0,0,0,0,1,0,0,0.0,,oglivbe01,Ben,Oglivie
330,423,1884,320,902,1105,33,60.0,21.0,17.0,3632,1389,174,2.0,0.0,0.0,0.0,2.0,1854,2012,0.3209056399132321,0.4762532981530343,0.27616534740545295,0,1,1,0,1,0,0,0,0,0,0,0.0,0.0,castivi02,Vinny,Castilla
332,439,1187,119,671,458,103,49.0,8.0,16.0,3705,2611,110,0.0,0.0,1.0,0.0,1.0,1304,2002,0.3294392523364486,0.4032957502168257,0.25737207285342584,0,1,1,1,0,0,0,0,0,0,0,0.0,,thompro01,Robby,Thompson
333,505,1361,62,676,435,217,43.0,16.0,13.0,57,2585,18,0.0,0.0,0.0,0.0,0.0,1531,1997,0.34894872740686095,0.388259526261586,0.2803295571575695,1,0,1,0,0,0,0,0,0,1,0,0.0,,puhlte01,Terry,Puhl
334,1069,2336,287,1366,1257,147,465.0,128.0,121.0,65,4710,48,4.0,0.0,4.0,4.0,2.0,2076,2012,0.3809313129078642,0.47731605032405644,0.2968611005210319,0,0,1,0,0,0,1,0,0,0,0,0.02,,willibe02,Bernie,Williams
335,965,1614,80,783,686,24,0.0,0.0,0.0,1027,11603,123,1.0,0.0,0.0,0.0,0.0,1666,1991,0.3958489998496014,0.39108554996405465,0.29007907979870595,1,0,0,0,0,0,0,0,0,0,0,0.02,0.0,hargrmi01,Mike,Hargrove
336,448,2254,79,1010,856,352,192.0,53.0,54.0,136,4295,108,4.0,1.0,3.0,1.0,3.0,2201,2005,0.3330473155185094,0.3959994770558243,0.29467904301215847,0,0,1,0,0,0,1,0,0,0,0,0.02,0.0,mcgeewi01,Willie,McGee
337,528,1302,155,631,722,37,0.0,0.0,0.0,2913,1526,201,0.0,0.0,5.0,0.0,0.0,1465,1983,0.32213608957795004,0.40300809872734283,0.2510605476282298,0,1,1,0,1,0,0,0,0,0,0,0.0,0.0,raderdo02,Doug,Rader
338,565,1904,110,935,723,231,45.0,11.0,13.0,5904,3096,242,1.0,0.0,0.0,1.0,0.0,2108,2013,0.31225934666501054,0.36685187694809596,0.25802954329854993,0,1,1,0,0,0,0,0,0,0,1,0.0,,claytro01,Royce,Clayton
340,548,1619,223,771,952,30,115.0,29.0,34.0,2725,1468,104,4.0,0.0,1.0,3.0,0.0,1601,2016,0.3415422502693551,0.4637880612420437,0.27851367624290385,0,1,1,0,1,0,0,0,0,0,0,0.0,,lowelmi01,Mike,Lowell
341,250,767,7,396,162,126,0.0,0.0,1.0,1820,1392,158,0.0,0.0,0.0,0.0,0.0,936,1980,0.3084308430843084,0.3027823240589198,0.251063829787234,1,0,1,0,0,0,0,0,0,0,1,0.0,,jacksso01,Sonny,Jackson
342,1194,2380,350,1240,1372,142,100.0,21.0,34.0,77,2566,80,3.0,0.0,0.0,3.0,0.0,2436,2005,0.3597634322373697,0.45128559898535686,0.2744148506860371,0,0,1,0,0,0,0,1,0,0,0,0.12,0.0,davisch01,Chili,Davis
343,1032,2724,210,1508,1134,474,230.0,72.0,58.0,6536,4463,183,12.0,0.0,10.0,2.0,0.0,2379,2010,0.37124463519313305,0.4428524192659539,0.30023145596825745,0,0,1,1,0,0,0,0,0,0,0,0.86,,alomaro01,Roberto,Alomar
344,684,1931,14,899,527,100,0.0,0.0,0.0,6453,3292,350,6.0,0.0,2.0,0.0,0.0,2078,1985,0.3140407288317256,0.3119853613906679,0.2523853091099203,0,0,1,0,0,0,0,0,0,0,1,0.0,,kessido01,Don,Kessinger
345,649,2085,260,908,1125,51,28.0,2.0,11.0,4065,2543,247,5.0,0.0,3.0,0.0,0.0,2212,2002,0.31577173668838465,0.4159772811458205,0.25743919002345966,0,1,1,0,1,0,0,0,0,0,0,0.04,0.0,wallati01,Tim,Wallach
346,365,1230,27,548,304,151,0.0,0.0,0.0,3383,2802,118,0.0,0.0,0.0,0.0,0.0,1272,1980,0.3080759639363131,0.31311032619987533,0.25555786411801373,0,0,1,1,0,0,0,0,0,0,0,0.0,,clarkho01,Horace,Clarke
347,664,2087,199,1084,976,550,52.0,9.0,17.0,195,5984,91,4.0,0.0,5.0,0.0,1.0,2006,1992,0.34650043204542647,0.4432284541723666,0.28549931600547196,0,1,1,0,0,0,1,0,0,0,0,0.01,,cedence01,Cesar,Cedeno
348,527,1188,251,629,824,6,37.0,5.0,12.0,709,9351,75,1.0,0.0,0.0,0.0,0.0,1559,2015,0.3390625,0.48455428067078554,0.2621359223300971,0,0,1,0,0,0,0,0,0,0,0,0.0,0.0,clarkto02,Tony,Clark
350,1507,2234,548,1506,1595,174,140.0,33.0,36.0,5193,2836,328,10.0,3.0,10.0,1.0,1.0,2404,1995,0.38025084610790366,0.5272988505747126,0.2674808429118774,0,1,1,0,1,0,0,0,0,0,0,0.79,1.0,schmimi01,Mike,Schmidt
351,949,1132,245,711,732,23,12.0,1.0,4.0,408,4951,55,2.0,0.0,0.0,0.0,0.0,1485,2003,0.3687980433263452,0.44891443167305234,0.24095359727543636,0,0,1,0,0,1,0,0,0,0,0,0.0,,tettlmi01,Mickey,Tettleton
352,1605,2223,414,1344,1354,98,42.0,9.0,13.0,3929,7964,329,2.0,0.0,0.0,1.0,0.0,2687,1995,0.36092684294123145,0.4308480998551209,0.2477432296890672,1,0,1,0,1,0,0,0,0,0,0,0.35,0.0,evansda01,Darrell,Evans
353,852,1564,189,772,773,85,0.0,0.0,0.0,2397,2258,210,0.0,0.0,0.0,1.0,0.0,1931,1984,0.3474225332000571,0.40299243669845447,0.25715225254850377,0,1,1,0,1,0,0,0,0,0,0,0.0,,bailebo01,Bob,Bailey
354,527,2184,396,1170,1445,231,119.0,30.0,29.0,281,5890,118,5.0,0.0,0.0,2.0,0.0,2189,2004,0.30632108486439197,0.46426027071954407,0.2593208264070292,0,1,1,0,0,0,0,0,1,0,0,0.03,,cartejo01,Joe,Carter
355,610,1195,200,656,666,47,42.0,12.0,18.0,59,1412,35,0.0,0.0,0.0,0.0,2.0,1584,1991,0.35641272902603666,0.4542425588627277,0.26543758329631273,1,0,1,0,0,0,0,1,0,0,0,0.0,0.0,gamblos01,Oscar,Gamble
356,157,357,15,120,130,1,0.0,0.0,0.0,248,2649,29,0.0,0.0,0.0,0.0,1.0,556,1979,0.3073770491803279,0.31761624099541585,0.2337917485265226,0,1,1,0,0,1,0,0,0,0,0,0.0,0.0,mayje01,Jerry,May
362,338,580,100,263,310,6,14.0,3.0,4.0,360,4206,72,0.0,0.0,0.0,0.0,0.0,843,1980,0.33987161198288157,0.40132122213047067,0.23947151114781173,1,0,1,0,0,1,0,0,0,0,0,0.0,,simsdu01,Duke,Sims
363,699,1992,271,957,1051,69,26.0,6.0,7.0,1520,15601,201,3.0,0.0,8.0,0.0,1.0,2034,1985,0.3327270522614284,0.43468316964886317,0.2679940804520382,0,1,1,0,0,0,0,0,0,0,0,0.02,0.0,scottge02,George,Scott
365,914,1886,332,1258,1024,461,8.0,2.0,3.0,128,3659,89,3.0,0.0,3.0,0.0,0.0,1849,1987,0.3533564528114937,0.470822092858157,0.2677836149368167,0,1,1,0,0,0,0,0,0,1,0,0.04,,bondsbo01,Bobby,Bonds
366,212,1122,36,510,329,125,31.0,10.0,22.0,82,2389,36,1.0,0.0,1.0,3.0,2.0,1458,1986,0.3151969981238274,0.36445108289768485,0.2793129200896191,1,0,0,0,0,0,1,0,0,0,0,0.0,,davalvi01,Vic,Davalillo
367,1031,1790,242,982,1039,75,159.0,39.0,44.0,3743,1788,231,3.0,0.0,0.0,3.0,0.0,2019,1987,0.35218290161741456,0.40807365439093485,0.2535410764872521,0,1,1,0,1,0,0,0,0,0,0,0.0,,bandosa01,Sal,Bando
368,757,2020,193,1092,1007,341,78.0,23.0,22.0,129,4940,48,4.0,0.0,3.0,1.0,1.0,1998,1990,0.343017578125,0.4254007398273736,0.2767502397588711,0,1,1,0,0,0,1,0,0,0,0,0.0,,otisam01,Amos,Otis
369,848,2092,324,1025,1225,39,118.0,33.0,30.0,1247,12490,128,10.0,0.0,3.0,1.0,0.0,2296,1998,0.3347429334520365,0.43871534311880567,0.2624513862752478,0,1,1,0,0,1,0,0,0,0,0,0.8,,cartega01,Gary,Carter
370,160,325,24,166,159,16,0.0,0.0,0.0,23,570,18,0.0,0.0,0.0,0.0,0.0,540,1980,0.32278889606197547,0.3555718475073314,0.23826979472140764,1,0,1,0,0,0,0,0,0,1,0,0.0,,milleno01,Norm,Miller
371,103,297,8,78,101,3,0.0,0.0,0.0,214,2998,32,0.0,0.0,0.0,1.0,1.0,574,1979,0.26790450928381965,0.2652767792954709,0.2135154565061107,0,1,1,0,0,1,0,0,0,0,0,0.0,,torboje01,Jeff,Torborg
372,820,2054,192,1249,875,273,56.0,14.0,15.0,4926,3506,181,2.0,0.0,0.0,0.0,0.0,1975,2014,0.3520554493307839,0.4357451403887689,0.27726781857451405,0,0,1,1,0,0,0,0,0,0,0,0.02,,durhara01,Ray,Durham
374,10,23,3,11,11,0,0.0,0.0,0.0,3,44,1,0.0,0.0,0.0,0.0,0.0,40,2014,0.2975206611570248,0.35514018691588783,0.21495327102803738,0,0,1,0,0,0,0,0,1,0,0,0.0,,jonesja05,Jason,Jones
375,890,2020,314,1123,1092,137,107.0,25.0,32.0,304,5186,123,7.0,0.0,1.0,1.0,3.0,1987,1988,0.3659537428500373,0.4889805204038106,0.2872174036684203,0,0,1,0,0,0,0,0,0,1,0,0.06,0.0,smithre06,Reggie,Smith
376,589,2774,438,1373,1591,314,59.0,11.0,15.0,157,5158,93,8.0,1.0,8.0,0.0,0.0,2627,2002,0.3233131689157748,0.48222020751485845,0.279439911352876,0,1,1,0,0,0,0,0,0,1,0,0.68,,dawsoan01,Andre,Dawson
379,413,1546,46,834,435,226,28.0,7.0,8.0,1043,2686,124,0.0,0.0,0.0,0.0,2.0,1488,1982,0.33535386631716907,0.3675704794397558,0.27760818818459326,0,1,1,0,0,0,1,0,0,0,0,0.0,,tovarce01,Cesar,Tovar
381,356,1226,7,605,329,208,0.0,0.0,0.0,3243,2293,110,0.0,0.0,0.0,0.0,0.0,1154,1990,0.3272127088920982,0.32839506172839505,0.27519640852974186,1,0,1,1,0,0,0,0,0,0,0,0.0,0.0,remyje01,Jerry,Remy
383,471,1422,54,778,402,254,64.0,9.0,22.0,68,2975,44,1.0,0.0,0.0,1.0,1.0,1496,1991,0.3433183856502242,0.3775974668513754,0.28141698001187415,1,0,1,0,0,0,1,0,0,0,0,0.0,,bumbral01,Al,Bumbry
384,666,1925,348,986,1239,51,76.0,22.0,23.0,119,3809,62,5.0,1.0,0.0,3.0,1.0,1977,1992,0.3384556281213984,0.4798519151359818,0.274099387726043,0,1,1,0,0,0,0,0,1,0,0,0.0,,fostege01,George,Foster
385,744,2003,328,1129,1070,162,48.0,14.0,13.0,152,4373,54,2.0,0.0,1.0,1.0,0.0,1951,2013,0.35519537630355574,0.4944930810505507,0.282829709121717,1,0,0,0,0,0,0,0,0,1,0,0.0,,greensh01,Shawn,Green
387,491,1002,159,518,560,17,0.0,0.0,0.0,392,3947,76,1.0,0.0,0.0,0.0,0.0,1421,1980,0.334589800443459,0.4257674886763966,0.2521389028686462,0,1,1,0,0,0,0,0,0,1,0,0.0,0.0,hickmji02,Jim,Hickman
388,152,370,28,146,161,4,2.0,0.0,1.0,325,3473,34,0.0,0.0,0.0,0.0,1.0,636,1980,0.2520364159080019,0.28020833333333334,0.19270833333333334,0,1,1,0,0,1,0,0,0,0,0,0.0,,ryanmi02,Mike,Ryan
389,601,1479,233,824,865,148,37.0,8.0,19.0,134,2881,63,1.0,0.0,0.0,1.0,1.0,1621,2015,0.35830995213731637,0.48204549727392365,0.27805978567399886,1,0,1,0,0,0,0,0,1,0,0,0.0,,floydcl01,Cliff,Floyd
391,460,1400,130,657,726,80,48.0,7.0,17.0,85,2094,43,2.0,0.0,0.0,0.0,1.0,1269,2002,0.3678094131319001,0.46311918667531904,0.30283365779796667,1,0,1,0,0,0,0,0,1,0,0,0.0,,greenmi01,Mike,Greenwell
392,608,1913,138,936,775,329,16.0,3.0,6.0,164,3964,95,0.0,0.0,0.0,0.0,1.0,2017,1986,0.3325499412455934,0.3951751866743251,0.2746984491671453,0,1,1,0,0,0,1,0,0,0,0,0.0,0.0,cardejo02,Jose,Cardenal
393,620,1993,325,873,1163,20,33.0,8.0,12.0,60,1921,58,4.0,0.0,0.0,1.0,0.0,2028,1986,0.33242065961418793,0.45656344203891475,0.27308851740202794,0,1,1,0,0,0,0,0,1,0,0,0.0,0.0,hortowi01,Willie,Horton
395,1062,2866,384,1299,1628,34,102.0,33.0,31.0,69,2031,47,6.0,0.0,0.0,0.0,1.0,2830,2007,0.3556798700712803,0.4646750100928543,0.28926120306822767,1,0,0,0,0,0,0,1,0,0,0,0.15,,baineha01,Harold,Baines
396,449,1131,208,584,743,18,3.0,0.0,1.0,1122,3708,112,1.0,0.0,0.0,0.0,0.0,1217,2012,0.3425531914893617,0.47182425978987586,0.2700573065902579,0,1,1,0,1,0,0,0,0,0,0,0.0,,nevinph01,Phil,Nevin
397,260,1473,22,685,360,49,0.0,0.0,0.0,3719,2712,179,4.0,0.0,1.0,0.0,0.0,1320,1981,0.3177366702937976,0.3450460829493088,0.2828341013824885,0,1,1,1,0,0,0,0,0,0,0,0.0,0.0,beckegl01,Glenn,Beckert
399,618,2249,79,1181,646,649,144.0,35.0,37.0,6323,3789,388,5.0,0.0,0.0,3.0,0.0,2328,1989,0.3109484404837683,0.3421234454168586,0.25898203592814373,0,1,1,0,0,0,0,0,0,0,1,0.09,0.0,campabe01,Bert,Campaneris
401,318,1617,22,699,403,67,63.0,16.0,15.0,3846,3498,151,2.0,0.0,2.0,0.0,1.0,1480,1983,0.32205029013539654,0.34329131410809877,0.279226385771024,0,1,1,1,0,0,0,0,0,0,0,0.0,,millafe01,Felix,Millan
402,343,1311,84,490,595,14,61.0,17.0,15.0,1858,3669,131,2.0,0.0,0.0,1.0,0.0,1495,1994,0.3207439741886506,0.3899358045143922,0.2714847794574446,0,1,1,0,1,0,0,0,0,0,0,0.0,,knighra01,Ray,Knight
404,353,1454,184,755,821,119,140.0,35.0,38.0,96,2852,35,1.0,0.0,0.0,0.0,1.0,1456,2012,0.3332742735648476,0.4548449612403101,0.2817829457364341,0,1,1,0,0,0,0,0,0,1,0,0.0,0.0,jordabr01,Brian,Jordan
406,1283,2247,309,1219,1261,49,128.0,34.0,34.0,1025,566,81,7.0,0.0,0.0,0.0,0.0,2055,2010,0.41780189332717615,0.5154582004713711,0.31152086510467214,0,1,1,0,0,0,0,1,0,0,0,0.11,,martied01,Edgar,Martinez
410,522,1725,118,662,689,39,27.0,5.0,9.0,5429,3271,266,4.0,0.0,1.0,0.0,1.0,1941,1981,0.31143052703627655,0.3670791710153571,0.25719397644252273,0,1,1,0,0,0,0,0,0,0,1,0.0,,cardele01,Leo,Cardenas
411,477,1531,130,690,735,18,39.0,16.0,12.0,558,10875,53,2.0,0.0,0.0,0.0,2.0,1405,2014,0.3667611622962438,0.44749309119621,0.30221081721279114,1,0,1,0,0,0,0,0,0,0,0,0.0,,caseyse01,Sean,Casey
412,792,1273,310,797,965,6,85.0,26.0,26.0,100,2537,33,1.0,0.0,1.0,0.0,0.0,1472,2007,0.3585798816568047,0.49351685617394775,0.25393975663275486,0,1,1,0,0,0,0,0,0,1,0,0.0,0.0,buhneja01,Jay,Buhner
413,424,1571,21,732,426,120,89.0,21.0,21.0,3905,3228,121,3.0,0.0,0.0,1.0,0.0,1422,1986,0.33399701343952215,0.35812027367662946,0.2828592005761613,0,1,1,1,0,0,0,0,0,0,0,0.0,,cashda01,Dave,Cash
416,966,3142,251,1632,1406,271,64.0,22.0,17.0,4850,5855,305,3.0,2.0,1.0,0.0,1.0,2856,1999,0.34219843557019347,0.4296875,0.28542877906976744,0,1,1,0,0,0,0,0,0,0,1,0.92,,yountro01,Robin,Yount
417,1566,4256,160,2165,1314,198,268.0,86.0,67.0,3349,12394,213,16.0,1.0,2.0,3.0,3.0,3562,1992,0.3751344511230623,0.4093076211485092,0.3028534832420124,0,0,1,0,0,0,0,0,0,0,0,0.86,0.0,rosepe01,Pete,Rose
418,850,2365,185,1231,1003,236,51.0,17.0,13.0,6265,3448,235,4.0,0.0,4.0,1.0,0.0,2293,2002,0.3515295643714193,0.4152992277992278,0.2853523166023166,0,1,1,0,0,0,0,0,0,0,1,0.67,,trammal01,Alan,Trammell
419,1001,1776,339,889,1187,20,126.0,33.0,33.0,880,12796,133,3.0,1.0,0.0,2.0,3.0,2042,1983,0.3605293588590518,0.4617572219727586,0.265828468792097,1,0,1,0,0,0,0,0,0,0,0,0.01,,powelbo01,Boog,Powell
421,375,2096,70,893,728,242,34.0,11.0,10.0,6078,3551,386,2.0,0.0,0.0,0.0,1.0,2079,1997,0.3042571463624095,0.36873461986789274,0.2714674264991581,0,0,1,0,0,0,0,0,0,0,1,0.0,,templga01,Garry,Templeton
422,912,2010,287,1084,1173,45,149.0,32.0,46.0,1869,3045,230,6.0,0.0,0.0,1.0,0.0,2113,2007,0.3575757575757576,0.47150977401913213,0.27866352419243035,0,0,1,0,1,0,0,0,0,0,0,0.01,,bonilbo01,Bobby,Bonilla
423,231,1342,34,414,477,33,29.0,7.0,8.0,3624,2909,130,2.0,0.0,2.0,0.0,1.0,1435,1983,0.30047303689687793,0.3420052031218731,0.2685611366820092,0,1,1,1,0,0,0,0,0,0,0,0.0,,helmsto01,Tommy,Helms
426,212,1236,112,520,588,25,173.0,37.0,49.0,464,7667,86,6.0,0.0,1.0,0.0,2.0,1377,2013,0.30911355615528335,0.406401766004415,0.2728476821192053,0,1,1,0,0,1,0,0,0,0,0,0.01,0.0,alomasa02,Sandy,Alomar
427,717,1366,265,770,899,30,24.0,3.0,17.0,215,3159,40,0.0,0.0,0.0,1.0,2.0,1895,2017,0.35559986706547025,0.4767486548808609,0.2624903920061491,1,0,1,0,0,0,0,0,0,1,0,0.0,,stairma01,Matt,Stairs
428,54,153,14,79,90,6,4.0,0.0,4.0,46,755,17,0.0,0.0,0.0,0.0,1.0,393,1979,0.2876712328767123,0.33434190620272314,0.2314674735249622,0,1,1,0,0,0,0,0,0,0,0,0.0,,beaucji01,Jim,Beauchamp
431,1845,3419,452,1816,1844,168,65.0,24.0,17.0,775,10437,135,14.0,1.0,7.0,0.0,2.0,3308,1989,0.3794534268135642,0.4620453787120454,0.28520186853520185,1,0,1,0,0,0,0,0,1,0,0,0.97,,yastrca01,Carl,Yastrzemski
433,844,2548,304,1443,1167,320,165.0,41.0,51.0,134,5664,72,2.0,0.0,5.0,1.0,2.0,2583,2013,0.3322403317581252,0.44237522613600083,0.2711503671384484,1,0,0,0,0,0,1,0,0,0,0,0.04,,finlest01,Steve,Finley
434,634,2280,360,1130,1341,96,93.0,22.0,25.0,4623,2607,237,2.0,0.0,4.0,1.0,0.0,2507,2006,0.3076136944302504,0.43358283990615576,0.25472014300078205,0,1,1,0,1,0,0,0,0,0,0,0.04,,gaettga01,Gary,Gaetti
435,833,1671,155,1023,614,557,181.0,43.0,50.0,3931,3558,177,4.0,0.0,1.0,1.0,3.0,1812,1993,0.34888521882741536,0.3884167453572553,0.26298394711992445,0,1,1,1,0,0,0,0,0,0,0,0.02,0.0,lopesda01,Davey,Lopes
436,477,1425,28,849,346,752,111.0,22.0,28.0,109,2452,68,2.0,0.0,0.0,0.0,2.0,1371,2003,0.32370820668693007,0.3446170921198668,0.26359600443951164,0,0,1,0,0,0,0,0,1,0,0,0.01,0.0,colemvi01,Vince,Coleman
437,1129,2375,54,1359,578,558,49.0,12.0,14.0,122,5296,41,1.0,0.0,0.0,0.0,1.0,2213,2003,0.3768886997233454,0.37603911980440097,0.29034229828850855,1,0,0,0,0,0,1,0,0,0,0,0.06,,butlebr01,Brett,Butler
438,324,1160,52,492,477,105,52.0,12.0,20.0,57,2249,28,0.0,0.0,0.0,1.0,1.0,1422,2004,0.3414969100480659,0.40425531914893614,0.2903629536921151,1,0,0,0,0,0,0,0,0,1,0,0.0,0.0,eisenji01,Jim,Eisenreich
439,1255,2716,292,1189,1466,47,41.0,14.0,11.0,402,6572,140,4.0,0.0,0.0,0.0,1.0,2951,1991,0.36248098093618547,0.4305555555555556,0.27942386831275723,1,0,1,0,0,0,0,0,0,1,0,0.08,,staubru01,Rusty,Staub
441,986,2111,398,1197,1266,161,11.0,3.0,3.0,300,6319,123,7.0,2.0,5.0,0.0,0.0,2180,1999,0.345915430595528,0.46896984924623114,0.2652010050251256,0,1,1,0,0,0,1,0,0,0,0,0.19,0.0,murphda05,Dale,Murphy
442,960,1661,210,1062,761,315,80.0,24.0,19.0,60,3713,42,3.0,0.0,0.0,0.0,0.0,1834,2008,0.3621297142111445,0.4251423295891676,0.2555777811971072,1,0,0,0,0,0,1,0,0,0,0,0.0,,anderbr01,Brady,Anderson
444,180,1012,48,434,371,13,63.0,16.0,15.0,2099,1466,45,2.0,0.0,0.0,1.0,0.0,904,2017,0.3352506162695152,0.4129923574368019,0.29747207524985303,0,1,1,1,0,0,0,0,0,0,0,0.0,,sanchfr01,Freddy,Sanchez
446,881,1379,255,733,879,20,30.0,6.0,9.0,827,13169,88,2.0,0.0,0.0,0.0,0.0,1620,1988,0.35969546302050964,0.4393243987516064,0.2531668808518451,1,0,0,0,0,0,0,0,0,0,0,0.0,,maybejo01,John,Mayberry
447,342,999,130,558,433,167,32.0,8.0,8.0,53,2371,61,2.0,0.0,2.0,1.0,0.0,1130,1979,0.31954450383453403,0.41232106339468305,0.2553680981595092,0,1,1,0,0,0,1,0,0,0,0,0.0,,ageeto01,Tommie,Agee
448,661,1352,210,653,773,10,58.0,14.0,17.0,3750,1886,176,2.0,0.0,0.0,0.0,2.0,1553,1982,0.33240952070427127,0.41985157699443415,0.250834879406308,0,1,1,0,0,0,0,0,0,0,1,0.0,0.0,petrori01,Rico,Petrocelli
449,504,855,131,455,498,31,65.0,15.0,21.0,313,4811,57,0.0,0.0,0.0,1.0,1.0,1215,1988,0.3441427853192559,0.41327124563445866,0.2488358556461001,1,0,0,0,0,0,0,0,0,0,0,0.0,,milnejo01,John,Milner
451,937,2232,475,1194,1540,17,133.0,37.0,36.0,486,9278,151,7.0,1.0,0.0,2.0,0.0,2360,1988,0.3600975934346235,0.5285732307304151,0.2815693200454144,1,0,0,0,0,0,0,0,1,0,0,0.27,1.0,stargwi01,Willie,Stargell
452,862,1862,252,972,1043,127,11.0,1.0,8.0,293,3352,90,5.0,0.0,1.0,0.0,1.0,1908,1989,0.3572727272727273,0.44472511144130755,0.27667161961367015,1,0,1,0,0,0,0,0,0,1,0,0.0,,murcebo01,Bobby,Murcer
453,448,1917,220,870,947,86,51.0,16.0,13.0,71,2332,61,6.0,0.0,1.0,0.0,1.0,1676,1982,0.3530954115076475,0.47643231233137595,0.30423742263132836,1,0,1,0,0,0,0,0,0,1,0,0.01,0.0,olivato01,Tony,Oliva
454,462,1146,166,652,674,128,0.0,0.0,0.0,70,2213,52,2.0,0.0,0.0,0.0,1.0,1197,1988,0.346882898062342,0.45208085612366233,0.27253269916765754,0,1,1,0,0,0,1,0,0,0,0,0.0,,hislela01,Larry,Hisle
455,1088,2225,390,1193,1314,32,182.0,41.0,53.0,5295,2098,298,6.0,0.0,2.0,2.0,3.0,2700,1994,0.3292539651458782,0.4205430669931004,0.2476073892722012,1,0,1,0,1,0,0,0,0,0,0,0.05,,nettlgr01,Graig,Nettles
456,655,2273,358,1125,1363,125,11.0,1.0,3.0,294,4987,63,3.0,0.0,0.0,0.0,0.0,2099,2018,0.3387225321644085,0.48277589878491795,0.28473005135913815,0,1,1,0,0,0,0,0,1,0,0,0.01,,leeca01,Carlos,Lee
457,533,1477,207,681,792,8,20.0,8.0,6.0,68,1680,33,2.0,0.0,0.0,1.0,0.0,1453,1989,0.35287958115183243,0.4655909797822706,0.2871306376360809,0,1,1,0,0,0,0,0,0,1,0,0.0,,ziskri01,Richie,Zisk
460,894,1848,351,1099,1119,133,9.0,2.0,3.0,1711,7658,245,6.0,1.0,0.0,0.0,0.0,1749,1983,0.378067169294037,0.5336386607706886,0.29185091598231205,0,1,1,0,0,0,0,0,0,0,0,0.01,,allendi01,Dick,Allen
461,465,1604,139,645,802,32,0.0,0.0,0.0,747,10764,104,1.0,0.0,0.0,0.0,0.0,1632,1988,0.32718461778958885,0.40219065548519595,0.2745165154886189,1,0,0,0,0,0,0,0,0,0,0,0.01,,montawi01,Willie,Montanez
462,600,1623,176,798,729,80,27.0,5.0,11.0,3242,2697,150,2.0,0.0,0.0,0.0,1.0,1720,1989,0.3275911986103069,0.40627514078841515,0.26114239742558326,0,1,1,0,1,0,0,0,0,0,0,0.0,,moneydo01,Don,Money
465,1070,2182,162,1124,1071,98,117.0,31.0,30.0,1682,17916,115,5.0,1.0,11.0,2.0,0.0,2088,1996,0.3844082874868313,0.4360922659430122,0.29606512890094977,1,0,0,0,0,0,0,0,0,0,0,0.06,,hernake01,Keith,Hernandez
466,403,1747,229,927,936,95,112.0,36.0,32.0,3211,3422,171,5.0,0.0,0.0,1.0,0.0,1434,2015,0.3614792996236295,0.5205871822413176,0.31274615109201576,0,1,1,0,0,0,0,0,0,0,1,0.03,,garcino01,Nomar,Garciaparra
467,892,2105,281,1041,1269,141,299.0,85.0,85.0,118,3915,48,5.0,0.0,0.0,5.0,1.0,2053,2007,0.36277337178562846,0.47021044001093193,0.2876468980595791,1,0,0,0,0,0,0,0,0,1,0,0.04,0.0,oneilpa01,Paul,O'Neill
469,898,2251,165,1036,1077,317,61.0,17.0,16.0,126,4413,120,1.0,0.0,0.0,0.0,0.0,2353,1994,0.35444743935309975,0.41998231653404067,0.2843248705317671,1,0,0,0,0,0,0,0,1,0,0,0.03,,cruzjo01,Jose,Cruz
470,452,1562,61,598,571,56,60.0,16.0,17.0,4855,3977,169,4.0,0.0,3.0,3.0,0.0,1780,1995,0.31580570547417114,0.3445378151260504,0.26252100840336134,0,1,1,1,0,0,0,0,0,0,0,0.0,,trillma01,Manny,Trillo
471,929,2408,609,1475,1667,234,53.0,13.0,15.0,143,4522,128,6.0,1.0,0.0,0.0,0.0,2354,2013,0.3437594898269056,0.5337569499602859,0.2732327243844321,0,1,1,0,0,0,0,0,0,1,0,0.26,,sosasa01,Sammy,Sosa
472,186,699,17,331,253,125,20.0,3.0,5.0,53,1803,27,0.0,0.0,0.0,0.0,0.0,991,1990,0.2973597359735974,0.32714948269711025,0.24937566892615054,0,0,1,0,0,0,1,0,0,0,0,0.0,,scottto01,Tony,Scott
476,1160,3060,291,1844,1175,414,167.0,39.0,40.0,5671,7156,201,7.0,0.0,4.0,0.0,1.0,2850,2013,0.36324786324786323,0.43315557190143433,0.28135343876425156,0,1,1,1,0,0,0,0,0,0,0,0.9,,biggicr01,Craig,Biggio
477,674,1666,305,1037,983,304,221.0,43.0,64.0,103,3334,68,1.0,0.0,0.0,1.0,2.0,1777,2013,0.3430075401906388,0.48742188751802595,0.2669443999359077,0,1,1,0,0,0,0,0,0,1,0,0.0,0.0,sandere02,Reggie,Sanders
478,1094,3319,234,1782,1307,504,117.0,43.0,29.0,3241,3506,208,6.0,0.0,0.0,1.0,1.0,2683,2004,0.3690525444766239,0.4479926165205353,0.3063221042916474,0,1,1,0,0,0,0,1,0,0,0,0.88,,molitpa01,Paul,Molitor
479,81,235,48,110,152,2,1.0,0.0,1.0,303,761,38,0.0,0.0,0.0,0.0,0.0,404,2013,0.29697525206232817,0.4387550200803213,0.2359437751004016,1,0,1,0,1,0,0,0,0,0,0,0.0,,francju02,Juan,Francisco
481,99,464,73,204,267,5,10.0,3.0,3.0,73,1220,23,0.0,0.0,0.0,0.0,1.0,658,1980,0.27264015333013897,0.39429444727457974,0.23637289862455427,0,1,1,0,0,0,0,0,0,1,0,0.0,,koscoan01,Andy,Kosco
482,984,1060,201,653,674,36,114.0,18.0,42.0,743,8731,103,1.0,0.0,0.0,4.0,0.0,1555,1989,0.3878997093023256,0.42870159453302964,0.24145785876993167,0,1,1,0,0,1,0,0,0,0,0,0.0,0.0,tenacge01,Gene,Tenace
485,449,1513,134,776,620,171,146.0,38.0,52.0,115,4347,57,2.0,0.0,8.0,4.0,2.0,1947,1986,0.30236100533130233,0.38182720953326715,0.2504137702747435,0,1,1,0,0,0,1,0,0,0,0,0.0,,blairpa01,Paul,Blair
489,1333,3255,504,1627,1917,110,159.0,41.0,44.0,1871,21265,168,6.0,0.0,3.0,1.0,2.0,3026,2003,0.3594225516972298,0.4760938602681722,0.28713832039520115,0,0,1,0,0,0,0,0,0,0,0,0.9,,murraed02,Eddie,Murray
490,857,1960,306,1063,1111,72,54.0,22.0,15.0,114,4556,55,9.0,1.0,4.0,0.0,1.0,1969,1996,0.36047100531780196,0.484043321299639,0.28303249097472927,1,0,0,0,0,0,1,0,0,0,0,0.03,,lynnfr01,Fred,Lynn
493,483,1319,93,648,542,85,16.0,5.0,11.0,3860,2652,92,2.0,0.0,4.0,0.0,0.0,1345,2018,0.3405204460966543,0.4116062176165803,0.2733678756476684,0,0,1,1,0,0,0,0,0,0,0,0.01,,hudsoor01,Orlando,Hudson
495,522,1540,215,759,909,53,1.0,1.0,1.0,515,6015,70,4.0,0.0,0.0,0.0,0.0,1454,2016,0.365565634092076,0.48573631457208943,0.29683885890516576,0,1,1,0,0,0,0,1,0,0,0,0.0,0.0,sweenmi01,Mike,Sweeney
496,328,1114,40,451,423,17,83.0,23.0,24.0,4335,2122,156,3.0,0.0,0.0,2.0,1.0,1392,1990,0.2971044045676998,0.3211436170212766,0.24689716312056736,0,1,1,0,0,0,0,0,0,0,1,0.0,,dentbu01,Bucky,Dent
499,1375,2584,563,1551,1702,228,281.0,78.0,77.0,133,4062,142,12.0,1.0,0.0,5.0,1.0,2820,1993,0.3556081732877313,0.4900648824006488,0.2619626926196269,1,0,0,0,0,0,0,0,0,1,0,0.88,,jacksre01,Reggie,Jackson
500,805,2135,338,1236,1276,285,121.0,33.0,38.0,110,2716,58,1.0,1.0,0.0,2.0,3.0,2292,1994,0.3417155034629728,0.43559404732861673,0.2604293730178092,0,1,1,0,0,0,0,1,0,0,0,0.02,,baylodo01,Don,Baylor
501,1216,3110,465,1669,1833,223,101.0,21.0,26.0,168,5012,95,12.0,0.0,7.0,1.0,2.0,2973,2001,0.3526217683766918,0.47450695264927745,0.2826501863128238,0,1,1,0,0,0,0,0,0,1,0,0.96,,winfida01,Dave,Winfield
502,683,1726,381,974,1239,88,61.0,14.0,18.0,91,2642,66,4.0,0.0,0.0,0.0,1.0,1539,2006,0.36947068526015897,0.5638134290107637,0.29489150862805397,0,1,1,0,0,0,0,0,1,0,0,0.14,0.0,belleal01,Albert,Belle
503,760,1509,189,798,877,20,98.0,32.0,28.0,1016,12855,63,0.0,0.0,6.0,0.0,1.0,1716,2014,0.35732884055751263,0.426697394079064,0.2675057613898245,1,0,0,0,0,0,0,0,0,0,0,0.01,,snowjt01,J. T.,Snow
504,831,1443,240,720,882,16,1.0,0.0,1.0,86,2177,60,1.0,1.0,0.0,0.0,0.0,1689,1991,0.3551590380139643,0.4394869942196532,0.26065751445086704,0,1,1,0,0,0,0,0,0,1,0,0.0,,burroje01,Jeff,Burroughs
507,845,1795,307,880,1128,37,82.0,20.0,23.0,105,2120,57,4.0,0.0,0.0,1.0,0.0,1821,1990,0.3625715426593904,0.4777863182167563,0.2759415833973866,0,1,1,0,0,0,0,0,1,0,0,0.0,,luzingr01,Greg,Luzinski
510,1155,2591,354,1412,1439,128,87.0,22.0,24.0,120,4520,64,5.0,0.0,0.0,1.0,0.0,2591,2014,0.3666001330671989,0.47886862509555533,0.28295293218302936,1,0,1,0,0,0,0,0,1,0,0,0.09,,gonzalu01,Luis,Gonzalez
511,298,1053,58,422,343,45,0.0,0.0,0.0,85,2722,30,1.0,0.0,2.0,0.0,0.0,1384,1981,0.30819013613032803,0.3440522243713733,0.2545938104448743,0,1,1,0,0,0,1,0,0,0,0,0.0,,berryke01,Ken,Berry
512,690,2276,94,1057,844,246,150.0,49.0,43.0,5544,3214,196,5.0,0.0,4.0,1.0,1.0,2158,2007,0.34723813889525557,0.39893818733409175,0.2877006699532297,0,0,1,0,0,0,0,0,0,0,1,0.0,,fernato01,Tony,Fernandez
513,882,1530,197,888,697,63,47.0,10.0,12.0,4225,3267,260,3.0,0.0,0.0,1.0,1.0,1763,1981,0.3429172510518934,0.4032336297493937,0.24737267582861763,1,0,1,1,0,0,0,0,0,0,0,0.0,,mcauldi01,Dick,McAuliffe
514,474,2191,15,987,525,318,118.0,30.0,32.0,6864,3323,211,5.0,0.0,2.0,1.0,0.0,2247,1991,0.299597855227882,0.32026609645996673,0.26027559990496557,0,0,1,0,0,0,0,0,0,0,1,0.01,,bowala01,Larry,Bowa
515,658,1207,25,623,386,96,147.0,28.0,46.0,4007,2056,190,1.0,0.0,0.0,1.0,3.0,1495,2006,0.3510873571691854,0.32565087494664957,0.25757575757575757,0,0,1,0,0,0,0,0,0,0,1,0.01,0.0,weisswa01,Walt,Weiss
516,874,1959,331,1081,1078,104,111.0,27.0,27.0,1367,14910,98,2.0,0.0,3.0,1.0,0.0,1942,2017,0.3646526818238915,0.49468543521976444,0.2813846595805803,0,1,1,0,0,0,0,0,0,0,0,0.04,0.0,leede02,Derrek,Lee
517,535,2743,219,1189,1326,84,92.0,21.0,28.0,498,9040,131,7.0,0.0,0.0,1.0,0.0,2368,1991,0.34422702591947546,0.45121007846170846,0.3031274173941872,1,0,0,0,0,0,1,0,0,0,0,0.25,0.0,oliveal01,Al,Oliver
519,718,2327,140,1200,923,294,242.0,61.0,66.0,5706,2966,272,5.0,0.0,2.0,2.0,1.0,2152,2017,0.343035574885692,0.39805944485384426,0.2858020142471137,0,1,1,0,0,0,0,0,0,0,1,0.08,0.0,renteed01,Edgar,Renteria
521,867,1700,278,1064,968,297,92.0,16.0,27.0,76,4954,71,1.0,0.0,3.0,0.0,0.0,1955,2017,0.3379600152807844,0.44377833016522883,0.24857435297558123,0,1,1,0,0,0,1,0,0,0,0,0.01,0.0,camermi01,Mike,Cameron
522,302,1315,219,606,721,41,39.0,6.0,11.0,650,9036,81,3.0,0.0,3.0,1.0,2.0,1397,1979,0.3011717319663127,0.4316264469295664,0.25799489896017264,1,0,0,0,0,0,0,0,0,0,0,0.0,,pepitjo01,Joe,Pepitone
523,801,2461,377,1320,1518,94,170.0,47.0,49.0,5918,4816,236,5.0,1.0,0.0,1.0,1.0,2298,2014,0.3555159021727721,0.49964697575900213,0.2895975523652624,0,1,1,1,0,0,0,0,0,0,0,0.1,,kentje01,Jeff,Kent
524,279,1055,37,460,369,131,15.0,3.0,17.0,1437,1603,131,0.0,0.0,0.0,1.0,1.0,1903,2011,0.3182567726737338,0.3488786952089704,0.26885830784913356,1,0,1,0,1,0,0,0,0,0,0,0.0,0.0,harrile01,Lenny,Harris
525,420,1401,50,656,449,72,44.0,14.0,14.0,4109,2349,189,3.0,0.0,1.0,0.0,1.0,1346,1993,0.3282442748091603,0.3605759875462152,0.2726211325160537,0,1,1,0,0,0,0,0,0,0,1,0.0,,burleri01,Rick,Burleson
526,934,1803,160,964,758,233,79.0,22.0,25.0,122,3443,52,1.0,0.0,0.0,2.0,1.0,1881,1985,0.36006248372819577,0.4037593984962406,0.27112781954887216,0,0,1,0,0,0,0,0,1,0,0,0.0,,whitero01,Roy,White
528,510,1273,156,568,606,20,1.0,0.0,1.0,2775,1769,165,0.0,0.0,0.0,1.0,1.0,1583,1983,0.3160112359550562,0.3829662833755603,0.24809978561683882,0,1,1,0,1,0,0,0,0,0,0,0.0,,mcmulke01,Ken,McMullen
529,399,1092,39,352,404,15,81.0,18.0,26.0,666,8103,82,2.0,0.0,0.0,2.0,3.0,1421,1987,0.3162393162393162,0.3256510716755013,0.25167089191057845,0,1,1,0,0,1,0,0,0,0,0,0.0,0.0,groteje01,Jerry,Grote
530,199,656,21,305,261,105,34.0,5.0,18.0,284,3388,52,0.0,0.0,0.0,1.0,1.0,860,1991,0.31761695906432746,0.34291417165668664,0.26187624750499,0,1,1,0,0,1,0,0,0,0,0,0.0,,wathajo01,John,Wathan
533,629,891,137,511,588,50,64.0,18.0,22.0,469,5835,74,3.0,0.0,0.0,1.0,2.0,1161,2003,0.35707678075855687,0.42672176308539944,0.24545454545454545,1,0,1,0,0,1,0,0,0,0,0,0.0,,daultda01,Darren,Daulton
535,1075,2445,173,1179,1146,70,82.0,27.0,25.0,1665,18503,110,3.0,0.0,4.0,1.0,0.0,2245,2009,0.38326323735576406,0.44203347799132053,0.3031618102913825,1,0,0,0,0,0,0,0,0,0,0,0.0,,gracema01,Mark,Grace
536,357,1527,260,674,864,8,205.0,57.0,60.0,631,8991,73,3.0,0.0,0.0,1.0,3.0,1503,2012,0.336962156557802,0.4910697499529987,0.2870840383530739,0,1,1,0,0,1,0,0,0,0,0,0.0,0.0,lopezja01,Javy,Lopez
539,1003,2769,235,1668,1139,408,261.0,72.0,59.0,79,4732,57,2.0,0.0,0.0,2.0,0.0,2490,2018,0.3519337016574586,0.4328266228430567,0.28440838126540674,1,0,0,0,0,0,1,0,0,0,0,0.17,,damonjo01,Johnny,Damon
540,248,1153,63,548,430,183,86.0,21.0,22.0,59,2163,25,0.0,0.0,0.0,1.0,0.0,1071,1989,0.3447368421052632,0.420192058136517,0.29924733973527123,1,0,1,0,0,0,0,0,0,1,0,0.0,,mcbriba01,Bake,McBride
541,87,237,9,54,66,3,0.0,0.0,0.0,185,1986,28,0.0,0.0,0.0,0.0,0.0,393,1980,0.2868352223190933,0.2869399428026692,0.2259294566253575,0,1,1,0,0,1,0,0,0,0,0,0.0,,bartobo01,Bob,Barton
542,642,1677,204,712,890,21,10.0,3.0,3.0,65,1846,51,1.0,0.0,0.0,1.0,0.0,1651,1985,0.3692794932699921,0.4639671780235462,0.2991437745272922,0,1,1,0,0,0,0,0,1,0,0,0.0,,cartyri01,Rico,Carty
544,138,1216,32,448,377,31,27.0,6.0,13.0,63,1693,58,0.0,0.0,0.0,2.0,0.0,1380,1985,0.3053165673946614,0.3530494821634062,0.2798619102416571,0,1,1,0,0,0,0,0,0,1,0,0.0,,alouje01,Jesus,Alou
545,317,803,47,331,254,22,0.0,0.0,1.0,2585,1665,150,0.0,0.0,0.0,1.0,0.0,1129,1980,0.299658882183154,0.3125543635836474,0.23282110756741084,0,1,1,0,0,0,0,0,0,0,1,0.0,,brownla01,Larry,Brown
547,523,1073,7,449,308,39,21.0,3.0,18.0,108,1882,33,0.0,0.0,0.0,1.0,1.0,1809,1995,0.3717265353418308,0.3514018691588785,0.2865153538050734,1,0,0,0,0,0,0,0,1,0,0,0.0,,grossgr01,Greg,Gross
548,1262,1826,340,1118,1180,77,47.0,14.0,14.0,456,7127,105,4.0,0.0,0.0,0.0,2.0,1994,1998,0.37877312560856863,0.47553673141521835,0.2666861399152914,0,1,1,0,0,0,0,0,0,1,0,0.01,0.0,clarkja01,Jack,Clark
549,455,1687,107,667,708,80,71.0,24.0,29.0,1049,11260,118,5.0,0.0,4.0,0.0,2.0,1988,2003,0.30906495360456815,0.36369240252735396,0.2599784250269687,0,1,1,0,0,1,0,0,0,0,0,0.0,,penato01,Tony,Pena
550,303,1017,126,519,555,107,53.0,9.0,17.0,2033,1348,139,1.0,0.0,0.0,0.0,1.0,1152,2015,0.32634032634032634,0.42495479204339964,0.26272281064324465,0,1,1,0,1,0,0,0,0,0,0,0.0,0.0,booneaa01,Aaron,Boone
552,360,1196,93,565,524,91,81.0,23.0,20.0,83,2280,51,1.0,0.0,0.0,1.0,1.0,1213,1982,0.3392857142857143,0.40441003987802016,0.28055360075064506,0,1,0,0,0,0,0,0,1,0,0,0.0,,jonescl01,Cleon,Jones
553,605,2008,163,920,860,174,65.0,20.0,17.0,3025,1694,222,3.0,0.0,0.0,1.0,0.0,1806,1993,0.3654580152671756,0.44176524112829846,0.30451925993327267,0,1,1,0,1,0,0,0,0,0,0,0.0,,madlobi01,Bill,Madlock
557,649,1336,187,736,709,91,0.0,0.0,0.0,124,2588,64,0.0,0.0,0.0,0.0,0.0,1362,2011,0.3580028328611898,0.45478615071283096,0.2720977596741344,1,0,1,0,0,0,0,0,1,0,0,0.0,0.0,higgibo02,Bobby,Higginson
558,862,1437,242,944,795,87,184.0,48.0,55.0,70,2845,49,1.0,0.0,0.0,1.0,0.0,1566,2017,0.3837626344962504,0.4894645273535666,0.2777885173013725,1,0,1,0,0,0,0,0,0,1,0,0.0,,drewjd01,J. D.,Drew
560,585,1379,11,878,318,620,81.0,26.0,24.0,57,3313,36,0.0,0.0,0.0,0.0,3.0,1709,2005,0.34345020059305775,0.3143695014662757,0.26959921798631475,0,0,1,0,0,0,1,0,0,0,0,0.02,0.0,nixonot01,Otis,Nixon
561,342,816,102,357,410,14,107.0,27.0,38.0,674,6110,88,0.0,0.0,0.0,1.0,3.0,1269,1992,0.29766390354182365,0.3549107142857143,0.22767857142857142,0,1,1,0,0,1,0,0,0,0,0,0.0,0.0,yeagest01,Steve,Yeager
562,939,2340,198,1329,960,379,71.0,24.0,17.0,5864,3154,235,9.0,1.0,3.0,1.0,0.0,2180,2010,0.3705267837297177,0.44437444878417537,0.2948217210532947,0,1,1,0,0,0,0,0,0,0,1,0.34,1.0,larkiba01,Barry,Larkin
563,640,2326,188,1062,1153,141,90.0,24.0,27.0,987,6661,110,1.0,0.0,0.0,0.0,0.0,2313,2011,0.3319313779745434,0.4134172923225963,0.28166626301767983,1,0,1,0,0,0,0,0,1,0,0,0.02,,surhobj01,B. J.,Surhoff
564,634,1579,80,718,607,102,106.0,26.0,35.0,960,12856,80,1.0,0.0,3.0,0.0,1.0,1971,2016,0.325117538110842,0.3435260391782131,0.25147316451664276,0,1,1,0,0,1,0,0,0,0,0,0.02,0.0,ausmubr01,Brad,Ausmus
567,1747,2328,612,1583,1699,19,232.0,49.0,71.0,1565,9450,137,5.0,0.0,0.0,0.0,2.0,2543,2018,0.4018619084561676,0.5541439088102589,0.27641890287342674,1,0,1,0,0,0,0,0,0,0,0,0.61,1.0,thomeji01,Jim,Thome
568,96,320,26,117,148,3,0.0,0.0,0.0,243,2477,31,0.0,0.0,0.0,0.0,0.0,551,1980,0.26662444585180495,0.3173734610123119,0.2188782489740082,0,1,1,0,0,1,0,0,0,0,0,0.0,0.0,boccajo01,John,Boccabella
570,142,400,36,167,163,22,4.0,2.0,4.0,56,992,15,0.0,0.0,0.0,0.0,0.0,730,1979,0.29195524773574855,0.35095874491574663,0.23242300987797793,1,0,0,0,0,0,0,0,1,0,0,0.0,,stahlla01,Larry,Stahl
572,472,1593,126,761,663,196,27.0,9.0,7.0,1518,4690,100,2.0,0.0,0.0,0.0,0.0,1465,2006,0.3442649967040211,0.421195652173913,0.28858695652173916,0,0,1,0,0,0,0,0,0,0,0,0.0,,jeffegr01,Gregg,Jefferies
573,633,1120,7,539,267,127,70.0,14.0,20.0,4112,2502,209,2.0,0.0,1.0,1.0,1.0,1533,1986,0.32736997417926966,0.2881534569983137,0.23608768971332209,0,0,1,0,0,0,0,0,0,0,1,0.0,,harrebu01,Bud,Harrelson
574,559,1252,136,564,609,33,111.0,25.0,31.0,3339,3862,142,3.0,0.0,3.0,2.0,2.0,1435,1984,0.3403199117484832,0.40400250156347717,0.2609964561184073,0,1,1,1,0,0,0,0,0,0,0,0.0,,johnsda02,Davey,Johnson
581,1072,2460,28,1257,793,580,144.0,34.0,42.0,8375,4249,281,14.0,0.0,13.0,1.0,2.0,2573,2002,0.33746686861037484,0.3282247765006386,0.26181353767560667,0,0,1,0,0,0,0,0,0,0,1,0.83,,smithoz01,Ozzie,Smith
582,486,1897,140,851,946,127,230.0,58.0,66.0,3891,1386,238,1.0,1.0,3.0,0.0,5.0,1893,2004,0.3155263157894737,0.39121160409556316,0.26976678043230945,0,0,1,0,1,0,0,0,0,0,0,0.01,0.0,pendlte01,Terry,Pendleton
583,1865,2517,268,1650,1133,689,181.0,33.0,50.0,6969,5758,245,9.0,2.0,5.0,2.0,2.0,2649,1990,0.39209079624046816,0.42707771909022313,0.2713161582408106,1,0,1,1,0,0,0,0,0,0,0,0.76,1.0,morgajo02,Joe,Morgan
584,817,1564,278,874,987,91,165.0,39.0,62.0,489,6660,78,1.0,0.0,0.0,1.0,3.0,1736,2013,0.3700859950859951,0.5002673320263767,0.2787381928355017,1,0,0,0,0,0,0,0,1,0,0,0.0,,kleskry01,Ryan,Klesko
587,487,2031,354,959,1244,39,38.0,10.0,13.0,900,13029,90,3.0,0.0,0.0,0.0,2.0,2071,1988,0.31266747868453104,0.4593244841634906,0.26692075174135893,0,1,1,0,0,0,0,0,0,0,0,0.0,,mayle01,Lee,May
589,838,1749,293,903,1086,37,91.0,14.0,24.0,1051,13725,87,1.0,0.0,0.0,2.0,0.0,1747,2000,0.36689132266217356,0.4806201550387597,0.2824612403100775,1,0,1,0,0,0,0,0,0,0,0,0.0,,hrbekke01,Kent,Hrbek
590,905,1369,188,765,826,39,120.0,32.0,37.0,755,6767,134,3.0,0.0,0.0,1.0,2.0,1782,1993,0.35393772893772896,0.40909911536378407,0.24715652644881747,1,0,1,0,0,1,0,0,0,0,0,0.0,,porteda02,Darrell,Porter
591,1317,1626,583,1167,1414,12,129.0,28.0,42.0,1073,14464,112,9.0,0.0,1.0,1.0,2.0,1874,2007,0.3941491445735928,0.5881687409083562,0.2628091158881526,0,1,1,0,0,0,0,0,0,0,0,0.11,,mcgwima01,Mark,McGwire
594,671,1982,214,870,1071,54,102.0,31.0,32.0,742,8866,98,1.0,0.0,0.0,2.0,0.0,2024,2013,0.3466289243437983,0.44286330314790856,0.28489291361218916,0,1,1,0,0,0,0,0,0,0,0,0.01,,coninje01,Jeff,Conine
596,479,1004,160,496,591,23,0.0,0.0,0.0,2079,1178,149,0.0,0.0,0.0,0.0,0.0,1144,1983,0.33656601278377785,0.4190380256862251,0.25283303953664066,0,1,1,0,1,0,0,0,0,0,0,0.0,,meltobi01,Bill,Melton
597,1412,3010,118,1513,1014,24,154.0,42.0,39.0,4304,2115,232,12.0,0.0,2.0,1.0,1.0,2440,2005,0.41499393147231817,0.44270152505446625,0.32788671023965144,1,0,1,0,1,0,0,0,0,0,0,0.93,,boggswa01,Wade,Boggs
599,1075,1885,294,1006,1182,24,124.0,22.0,37.0,3616,2215,227,2.0,0.0,6.0,0.0,2.0,2079,2010,0.3621024520514688,0.44351642129105323,0.26684597961494905,1,0,1,0,1,0,0,0,0,0,0,0.01,,venturo01,Robin,Ventura
601,244,1331,78,550,525,113,0.0,0.0,0.0,61,1641,84,1.0,0.0,0.0,1.0,0.0,1322,1982,0.3263776337115073,0.3917369673372269,0.2879082846636383,0,1,1,0,0,0,0,0,1,0,0,0.0,,johnsal01,Alex,Johnson
602,89,375,26,126,207,0,2.0,0.0,2.0,57,498,10,0.0,0.0,0.0,1.0,0.0,733,1990,0.3321554770318021,0.4084291187739464,0.28735632183908044,0,1,1,0,0,0,0,1,0,0,0,0.0,0.0,moraljo01,Jose,Morales
